order_id,pincode_id,pincode_rto_rate,pincode_tier,payment_mode,order_value,discount_pct,category,is_weekend_order,address_length,address_has_landmark,pin_matches_city,customer_tenure_days,customer_past_orders,customer_past_rto_count,customer_past_rto_rate,is_rto,_true_risk_prob
ORD000000,PIN0037,0.2736753601098101,2,COD,745.25,5.9,electronics,0,36,1,1,48,0,0,0.249,0,0.288
ORD000001,PIN0235,0.29986877685320723,2,Prepaid,1266.59,27.4,footwear,0,41,0,1,259,3,1,0.328,0,0.11
ORD000002,PIN0072,0.06701772614308195,1,Prepaid,2215.04,22.3,home,1,10,0,1,82,3,0,0.069,0,0.133
ORD000003,PIN0255,0.07668458057365714,3,COD,773.16,10.2,apparel,1,29,0,1,351,5,0,0.096,0,0.312
ORD000004,PIN0203,0.15412845945996423,1,COD,846.84,2.0,home,1,59,1,1,486,8,1,0.123,0,0.245
ORD000005,PIN0133,0.34050859772553177,2,Prepaid,2847.13,0.0,home,0,29,0,1,883,21,5,0.215,0,0.088
ORD000006,PIN0144,0.364923011242039,1,Prepaid,818.83,15.3,footwear,1,92,1,1,184,1,0,0.237,0,0.086
ORD000007,PIN0129,0.04271815136040225,2,Prepaid,635.79,12.0,home,0,35,1,1,247,4,0,0.028,0,0.02
ORD000008,PIN0071,0.18347397774733312,3,COD,2167.6,29.2,apparel,1,26,1,1,139,7,2,0.222,0,0.399
ORD000009,PIN0237,0.21910981619663927,3,Prepaid,927.21,26.9,home,0,51,1,1,184,3,1,0.17,0,0.045
ORD000010,PIN0281,0.08231136897158131,2,COD,1440.06,15.5,home,0,52,0,0,54,2,0,0.13,0,0.551
ORD000011,PIN0178,0.056718874516770906,3,COD,1647.51,14.0,electronics,0,72,1,1,583,15,1,0.092,0,0.167
ORD000012,PIN0276,0.2879002600445968,2,COD,546.04,1.2,home,0,39,1,1,20,0,0,0.223,0,0.389
ORD000013,PIN0254,0.07646704519158327,1,COD,247.43,27.7,beauty,0,27,1,1,771,10,1,0.06,0,0.198
ORD000014,PIN0252,0.13392418026200584,1,COD,281.15,14.3,footwear,0,33,0,1,110,2,0,0.094,0,0.274
ORD000015,PIN0156,0.3125517351760875,2,COD,310.7,22.3,footwear,0,69,0,1,279,7,1,0.214,1,0.458
ORD000016,PIN0050,0.3528860025129336,2,Prepaid,1094.64,29.1,apparel,0,77,0,1,33,1,0,0.259,0,0.112
ORD000017,PIN0068,0.10820352955491426,2,COD,2355.14,8.2,electronics,0,33,0,1,26,0,0,0.074,0,0.349
ORD000018,PIN0215,0.10605263267725348,3,COD,739.46,5.1,apparel,0,42,1,1,67,2,0,0.136,0,0.175
ORD000019,PIN0241,0.11293552913952268,1,COD,2463.01,44.6,apparel,0,72,1,1,5,0,0,0.083,1,0.393
ORD000020,PIN0086,0.2321781775386277,1,COD,381.17,22.1,apparel,0,59,1,1,1,0,0,0.16,0,0.41
ORD000021,PIN0141,0.07604489038465068,2,COD,1532.59,11.7,beauty,1,33,1,0,146,1,0,0.105,1,0.505
ORD000022,PIN0007,0.10282236469347789,1,COD,419.35,29.9,apparel,0,21,1,1,0,0,0,0.214,0,0.634
ORD000023,PIN0022,0.2903842384680754,2,COD,494.53,11.3,home,0,31,0,1,69,0,0,0.221,0,0.403
ORD000024,PIN0001,0.19426107661547698,1,Prepaid,1591.12,18.9,apparel,0,61,1,1,7,0,0,0.141,0,0.06
ORD000025,PIN0209,0.12881420639621405,1,Prepaid,697.25,8.2,apparel,1,14,1,0,61,1,0,0.151,1,0.264
ORD000026,PIN0264,0.06150720406271427,2,COD,1223.11,14.8,apparel,0,48,0,1,270,7,0,0.059,0,0.23
ORD000027,PIN0216,0.19203502063602926,2,Prepaid,378.37,11.7,electronics,1,37,1,1,7,0,0,0.11,0,0.073
ORD000028,PIN0141,0.07604489038465068,2,Prepaid,1612.44,6.0,apparel,1,29,1,1,57,0,0,0.219,0,0.037
ORD000029,PIN0115,0.13725424899347285,2,Prepaid,1174.33,17.9,footwear,0,34,1,1,47,0,0,0.119,0,0.029
ORD000030,PIN0121,0.1678902033753326,1,Prepaid,642.55,7.3,electronics,1,61,1,1,27,0,0,0.141,0,0.068
ORD000031,PIN0030,0.16141970430743355,2,Prepaid,4914.76,21.9,footwear,0,55,1,1,181,4,1,0.139,1,0.047
ORD000032,PIN0071,0.18347397774733312,3,Prepaid,858.89,11.3,apparel,1,65,0,1,58,1,0,0.173,0,0.072
ORD000033,PIN0049,0.161172247730865,2,Prepaid,1886.55,0.0,apparel,0,28,0,0,152,1,0,0.125,0,0.112
ORD000034,PIN0003,0.21173917998291497,1,COD,271.32,22.5,footwear,0,10,0,1,85,5,1,0.215,1,0.641
ORD000035,PIN0280,0.20881393589165134,1,COD,1500.67,22.7,electronics,0,48,1,1,189,10,2,0.167,0,0.279
ORD000036,PIN0043,0.037347311003300854,1,COD,1773.48,42.0,apparel,0,44,1,1,66,1,0,0.117,0,0.242
ORD000037,PIN0076,0.3281745219329262,2,COD,2113.94,15.2,apparel,1,34,1,1,529,5,1,0.175,0,0.406
ORD000038,PIN0026,0.06540982224658476,3,COD,1938.26,17.2,footwear,1,5,1,1,196,4,0,0.057,0,0.443
ORD000039,PIN0109,0.08188580156604809,1,COD,342.58,20.7,apparel,0,61,0,1,461,2,0,0.106,1,0.275
ORD000040,PIN0297,0.37085986126357623,1,Prepaid,1074.25,27.2,electronics,1,5,1,1,281,2,0,0.24,0,0.238
ORD000041,PIN0015,0.1612409751583916,2,Prepaid,3551.6,26.5,footwear,0,58,0,1,37,1,0,0.225,0,0.09
ORD000042,PIN0064,0.13292062134901952,2,Prepaid,646.9,18.8,home,1,57,0,1,77,3,1,0.191,0,0.074
ORD000043,PIN0196,0.2509986970916318,1,COD,1981.58,14.6,home,0,56,1,0,390,4,1,0.182,0,0.565
ORD000044,PIN0025,0.18879443382778816,3,COD,5944.82,25.1,electronics,1,43,0,1,113,1,0,0.21,1,0.57
ORD000045,PIN0226,0.2118414911064497,2,Prepaid,3984.27,14.1,home,0,5,1,1,101,3,1,0.178,1,0.126
ORD000046,PIN0282,0.1658490060269755,3,Prepaid,429.28,0.0,beauty,1,12,0,1,143,3,0,0.145,0,0.135
ORD000047,PIN0153,0.08879927597471768,3,Prepaid,1868.12,0.0,apparel,0,27,1,1,42,1,0,0.108,0,0.02
ORD000048,PIN0104,0.25616938553288543,3,Prepaid,1949.64,11.5,beauty,0,81,0,1,103,3,1,0.176,0,0.06
ORD000049,PIN0022,0.2903842384680754,2,Prepaid,1664.75,16.4,footwear,1,63,0,1,534,12,3,0.222,0,0.107
ORD000050,PIN0265,0.05224771045445513,3,COD,366.25,44.7,apparel,0,40,1,1,557,9,1,0.116,0,0.256
ORD000051,PIN0195,0.37529746541575604,1,COD,1237.9,13.6,electronics,0,32,1,1,120,1,0,0.26,0,0.375
ORD000052,PIN0126,0.06754840772919254,2,COD,1231.64,15.6,electronics,0,47,1,1,23,0,0,0.079,0,0.263
ORD000053,PIN0279,0.16028322934219974,1,Prepaid,318.89,10.1,home,0,61,0,1,18,0,0,0.091,0,0.067
ORD000054,PIN0155,0.06950314701364126,3,Prepaid,842.15,22.4,beauty,0,50,1,1,315,6,0,0.067,0,0.024
ORD000055,PIN0083,0.20019172067931276,1,COD,1278.74,18.4,electronics,1,16,1,1,54,2,0,0.197,0,0.597
ORD000056,PIN0166,0.31626333508388804,3,Prepaid,987.45,7.3,apparel,0,73,0,0,318,7,2,0.222,0,0.201
ORD000057,PIN0136,0.02334406143818844,1,COD,1751.14,2.9,apparel,0,54,0,1,566,12,1,0.102,0,0.196
ORD000058,PIN0288,0.1006295496297796,1,COD,825.41,10.2,apparel,0,34,1,1,118,2,0,0.087,0,0.172
ORD000059,PIN0266,0.20105193051315587,2,COD,1145.55,4.9,home,0,51,1,1,80,2,1,0.3,0,0.27
ORD000060,PIN0279,0.16028322934219974,1,COD,2069.67,12.2,electronics,0,68,0,1,117,2,0,0.181,1,0.316
ORD000061,PIN0143,0.30134916635767295,3,Prepaid,3276.49,16.7,electronics,1,52,1,0,111,3,1,0.172,0,0.252
ORD000062,PIN0239,0.03046948595756026,3,COD,358.69,9.0,electronics,0,53,1,1,111,3,0,0.045,0,0.136
ORD000063,PIN0087,0.40978203380181466,3,Prepaid,1704.84,32.5,electronics,1,75,1,1,364,6,3,0.488,0,0.186
ORD000064,PIN0281,0.08231136897158131,2,Prepaid,722.5,28.9,home,0,31,1,1,118,0,0,0.143,0,0.032
ORD000065,PIN0243,0.11429433278022987,2,COD,1437.12,12.2,home,1,25,0,1,5,0,0,0.092,1,0.469
ORD000066,PIN0074,0.38386906035223406,3,COD,333.12,3.4,home,0,35,0,1,482,11,3,0.242,1,0.437
ORD000067,PIN0190,0.2448648372778589,2,Prepaid,2432.73,14.6,apparel,1,61,1,1,588,11,2,0.168,0,0.057
ORD000068,PIN0216,0.19203502063602926,2,COD,545.55,13.4,home,1,64,1,1,131,3,1,0.208,0,0.337
ORD000069,PIN0151,0.11454454166446207,2,Prepaid,2095.54,14.2,apparel,0,48,1,0,152,0,0,0.215,0,0.099
ORD000070,PIN0183,0.021054208464102726,1,COD,377.56,10.2,apparel,1,28,0,1,293,6,1,0.104,0,0.287
ORD000071,PIN0259,0.3688193464675404,1,Prepaid,268.86,2.4,beauty,0,80,0,1,192,7,2,0.22,0,0.072
ORD000072,PIN0253,0.21270011367388433,2,Prepaid,895.01,15.4,apparel,0,21,0,1,103,3,1,0.201,1,0.147
ORD000073,PIN0262,0.32304958607289985,3,COD,1246.76,10.8,apparel,1,35,1,1,165,2,0,0.213,0,0.403
ORD000074,PIN0052,0.28899282241905344,2,COD,4222.22,11.9,apparel,0,30,0,1,745,8,2,0.199,1,0.475
ORD000075,PIN0002,0.2817196880794777,2,Prepaid,1224.57,16.1,beauty,0,66,0,1,9,0,0,0.215,0,0.12
ORD000076,PIN0076,0.3281745219329262,2,COD,428.25,14.2,apparel,0,41,1,1,509,11,3,0.278,0,0.359
ORD000077,PIN0149,0.03702292684201334,2,COD,1865.96,15.9,footwear,1,77,1,1,247,3,0,0.073,0,0.218
ORD000078,PIN0203,0.15412845945996423,1,COD,2709.88,10.2,electronics,1,61,1,1,681,12,2,0.151,0,0.354
ORD000079,PIN0263,0.16689791901383302,2,COD,519.13,19.3,apparel,0,26,1,1,17,0,0,0.155,0,0.359
ORD000080,PIN0077,0.1899019233140115,1,Prepaid,2043.02,6.4,beauty,0,38,0,1,639,11,2,0.184,0,0.048
ORD000081,PIN0200,0.08728917709623112,2,Prepaid,2482.67,1.9,home,0,34,1,1,237,6,1,0.124,0,0.02
ORD000082,PIN0075,0.3561050407162092,2,COD,1897.51,4.3,home,1,72,0,1,305,9,2,0.259,1,0.528
ORD000083,PIN0043,0.037347311003300854,1,Prepaid,619.27,6.9,apparel,0,61,0,1,300,3,0,0.159,0,0.032
ORD000084,PIN0020,0.20505061420655793,1,COD,1256.59,0.0,home,0,13,0,1,108,1,0,0.165,0,0.524
ORD000085,PIN0030,0.16141970430743355,2,COD,1435.81,0.0,beauty,1,55,0,1,508,11,2,0.177,1,0.356
ORD000086,PIN0036,0.08284178114735373,3,Prepaid,2384.48,21.0,footwear,0,43,1,0,23,0,0,0.094,0,0.134
ORD000087,PIN0263,0.16689791901383302,2,Prepaid,655.06,30.3,beauty,0,19,0,1,214,2,0,0.196,0,0.163
ORD000088,PIN0057,0.1556157190694676,2,COD,2078.36,21.7,apparel,1,28,1,1,92,2,0,0.216,1,0.352
ORD000089,PIN0240,0.12395838000505166,1,COD,960.69,9.2,home,0,40,1,1,23,0,0,0.175,1,0.308
ORD000090,PIN0210,0.31081627181481286,1,COD,805.51,0.0,apparel,0,5,0,1,540,12,3,0.242,1,0.623
ORD000091,PIN0096,0.08766139781561612,2,Prepaid,1114.44,17.3,home,1,49,1,1,155,6,1,0.09,0,0.036
ORD000092,PIN0269,0.16817721963481505,2,COD,82.29,0.0,beauty,0,46,1,1,425,8,2,0.231,1,0.215
ORD000093,PIN0010,0.10588038760562166,2,COD,124.72,14.0,apparel,1,39,1,1,169,3,0,0.139,1,0.267
ORD000094,PIN0279,0.16028322934219974,1,Prepaid,173.04,5.4,apparel,0,45,1,1,637,8,1,0.187,0,0.029
ORD000095,PIN0152,0.17087336091455124,3,COD,1481.94,0.0,apparel,0,40,0,1,119,2,0,0.141,1,0.264
ORD000096,PIN0202,0.3777076233346446,1,COD,880.64,32.8,apparel,0,22,0,1,147,6,2,0.36,1,0.808
ORD000097,PIN0148,0.06319411057424783,2,COD,620.92,0.0,electronics,0,32,1,1,862,10,1,0.067,0,0.133
ORD000098,PIN0140,0.21265385060190026,3,COD,1040.21,10.7,home,0,29,1,1,63,0,0,0.253,1,0.276
ORD000099,PIN0193,0.24561833162778066,2,COD,2111.75,13.5,apparel,0,57,1,1,201,2,0,0.194,0,0.278
ORD000100,PIN0094,0.2827977123570768,3,Prepaid,1003.41,9.4,apparel,1,23,1,1,277,2,0,0.224,0,0.154
ORD000101,PIN0060,0.5407955692320056,2,Prepaid,417.46,20.6,footwear,0,33,1,1,32,2,1,0.303,0,0.108
ORD000102,PIN0152,0.17087336091455124,3,Prepaid,4670.1,6.1,apparel,1,45,0,1,59,0,0,0.183,0,0.089
ORD000103,PIN0130,0.2313331139934696,2,Prepaid,1080.98,19.6,footwear,0,14,1,1,194,3,0,0.157,0,0.102
ORD000104,PIN0220,0.4411853605605627,2,COD,2497.55,18.8,apparel,0,35,0,1,478,7,2,0.289,0,0.558
ORD000105,PIN0103,0.14686359912766067,3,COD,1909.88,0.0,footwear,0,45,1,1,638,11,2,0.2,0,0.197
ORD000106,PIN0266,0.20105193051315587,2,Prepaid,762.84,17.8,home,0,48,1,1,298,7,1,0.182,0,0.039
ORD000107,PIN0182,0.14478787604400445,3,COD,3244.86,2.4,apparel,0,51,1,1,792,15,3,0.211,1,0.265
ORD000108,PIN0198,0.40458255867058707,2,Prepaid,664.85,1.0,apparel,1,29,0,1,1051,21,6,0.271,0,0.119
ORD000109,PIN0194,0.2768781519474444,2,Prepaid,1463.23,18.5,apparel,0,22,1,1,709,11,3,0.237,0,0.127
ORD000110,PIN0176,0.22035230981956289,1,COD,1324.94,10.1,apparel,0,35,0,1,118,1,0,0.163,1,0.333
ORD000111,PIN0054,0.2536131832355048,3,COD,1417.85,19.5,electronics,0,48,1,1,685,9,2,0.22,0,0.313
ORD000112,PIN0015,0.1612409751583916,2,COD,2885.98,19.6,home,0,38,1,1,261,2,0,0.107,0,0.289
ORD000113,PIN0170,0.3311683196889837,1,COD,1102.66,0.0,home,0,22,0,1,4,0,0,0.321,1,0.779
ORD000114,PIN0020,0.20505061420655793,1,COD,1265.75,23.9,apparel,1,89,0,1,180,5,1,0.124,0,0.451
ORD000115,PIN0118,0.10553235910087899,1,COD,1312.71,18.4,home,0,28,1,1,43,0,0,0.236,0,0.244
ORD000116,PIN0278,0.07557933624203365,3,Prepaid,4105.23,8.0,apparel,0,18,1,1,43,1,0,0.064,0,0.069
ORD000117,PIN0114,0.09429357946075165,2,Prepaid,2370.19,13.4,apparel,0,30,1,1,67,1,0,0.158,0,0.027
ORD000118,PIN0097,0.08350735734777998,1,Prepaid,255.4,24.2,apparel,0,62,1,1,155,2,0,0.08,0,0.027
ORD000119,PIN0181,0.2557297621445905,3,COD,686.24,11.2,apparel,1,56,1,1,189,1,0,0.181,0,0.352
ORD000120,PIN0010,0.10588038760562166,2,COD,1161.77,40.4,apparel,1,80,1,1,648,6,1,0.162,0,0.371
ORD000121,PIN0096,0.08766139781561612,2,COD,2845.92,32.9,apparel,0,24,1,1,762,10,1,0.13,1,0.543
ORD000122,PIN0183,0.021054208464102726,1,COD,3033.71,16.4,electronics,0,38,0,1,24,0,0,0.128,0,0.435
ORD000123,PIN0056,0.09526888086892404,2,Prepaid,1053.62,12.3,footwear,0,65,1,1,226,6,0,0.068,0,0.022
ORD000124,PIN0217,0.08454080558982856,2,COD,667.41,12.8,beauty,0,24,1,1,204,1,0,0.095,0,0.363
ORD000125,PIN0231,0.3765652302855751,1,COD,942.5,7.8,footwear,0,68,1,1,229,5,1,0.291,1,0.368
ORD000126,PIN0096,0.08766139781561612,2,Prepaid,1193.85,16.5,apparel,0,45,1,1,425,8,1,0.114,0,0.025
ORD000127,PIN0025,0.18879443382778816,3,COD,892.28,23.3,footwear,0,29,1,1,217,4,1,0.218,0,0.292
ORD000128,PIN0141,0.07604489038465068,2,COD,2540.46,0.0,apparel,1,10,1,0,396,7,1,0.166,1,0.781
ORD000129,PIN0212,0.27274932736149954,1,COD,824.74,22.7,apparel,0,55,1,1,804,9,2,0.232,1,0.34
ORD000130,PIN0116,0.19943366426208856,2,Prepaid,525.35,26.2,apparel,0,74,1,1,39,0,0,0.136,0,0.04
ORD000131,PIN0299,0.25128662396021834,2,Prepaid,926.7,21.9,electronics,0,51,1,1,486,6,1,0.14,0,0.043
ORD000132,PIN0134,0.16060864625339236,2,COD,1375.1,13.4,apparel,0,52,1,1,380,6,1,0.122,1,0.213
ORD000133,PIN0205,0.14470001271385566,1,Prepaid,2572.63,21.4,home,0,50,0,1,53,0,0,0.26,0,0.085
ORD000134,PIN0184,0.2948675343213751,3,Prepaid,489.42,30.6,home,0,63,0,1,413,4,1,0.237,0,0.097
ORD000135,PIN0024,0.2513226518182671,3,Prepaid,1381.49,14.3,apparel,0,69,1,1,703,12,3,0.248,0,0.046
ORD000136,PIN0137,0.22319119485139746,1,COD,1412.45,15.3,home,0,5,1,1,267,2,0,0.147,0,0.479
ORD000137,PIN0199,0.2548041415909087,3,COD,1608.13,40.6,apparel,0,38,0,1,74,2,0,0.152,0,0.467
ORD000138,PIN0248,0.059205781564026436,2,Prepaid,824.14,18.7,apparel,1,32,0,1,265,4,1,0.133,0,0.056
ORD000139,PIN0021,0.11081589624148036,1,COD,1588.67,2.9,apparel,0,48,1,1,288,5,1,0.164,0,0.18
ORD000140,PIN0296,0.18053002044469238,2,Prepaid,1876.05,25.5,apparel,0,37,1,1,500,11,1,0.119,0,0.037
ORD000141,PIN0077,0.1899019233140115,1,Prepaid,817.0,19.8,apparel,0,53,1,0,154,3,1,0.179,0,0.118
ORD000142,PIN0219,0.1075270431373715,3,COD,1264.48,7.1,apparel,1,51,0,1,26,2,1,0.275,0,0.535
ORD000143,PIN0177,0.06227004072474524,3,Prepaid,971.52,1.8,apparel,0,6,1,0,22,0,0,0.228,0,0.274
ORD000144,PIN0045,0.11778983919317748,1,Prepaid,588.26,17.9,footwear,1,5,1,0,113,4,1,0.207,0,0.314
ORD000145,PIN0144,0.364923011242039,1,Prepaid,341.42,14.3,footwear,0,60,0,0,874,11,3,0.242,1,0.248
ORD000146,PIN0234,0.1283935139587208,2,COD,664.57,0.1,footwear,0,28,1,1,103,6,1,0.111,0,0.164
ORD000147,PIN0045,0.11778983919317748,1,Prepaid,704.87,13.9,apparel,0,79,1,1,173,2,0,0.115,0,0.026
ORD000148,PIN0063,0.08371105588997728,2,COD,336.23,13.2,apparel,0,62,1,1,54,1,0,0.108,0,0.179
ORD000149,PIN0035,0.02618888133818163,1,Prepaid,1514.59,14.3,beauty,0,9,0,1,27,0,0,0.142,0,0.142
ORD000150,PIN0033,0.04435552253412907,2,Prepaid,1969.77,20.9,beauty,0,29,1,1,422,4,0,0.056,0,0.022
ORD000151,PIN0130,0.2313331139934696,2,Prepaid,951.29,0.0,apparel,0,49,0,0,369,10,3,0.298,0,0.174
ORD000152,PIN0083,0.20019172067931276,1,COD,1063.11,1.7,home,0,36,0,1,322,4,0,0.121,0,0.276
ORD000153,PIN0048,0.05953686130987361,2,COD,743.82,9.2,footwear,0,41,1,1,67,0,0,0.268,1,0.209
ORD000154,PIN0288,0.1006295496297796,1,COD,1017.65,30.9,apparel,1,22,1,1,263,6,1,0.134,0,0.559
ORD000155,PIN0253,0.21270011367388433,2,COD,1597.11,43.4,footwear,0,51,0,1,7,0,0,0.161,1,0.594
ORD000156,PIN0156,0.3125517351760875,2,COD,1383.43,15.1,apparel,1,45,1,1,0,0,0,0.395,0,0.638
ORD000157,PIN0055,0.14581959327557492,2,Prepaid,1013.07,15.5,electronics,1,60,1,1,52,1,0,0.141,0,0.044
ORD000158,PIN0210,0.31081627181481286,1,COD,704.57,0.0,apparel,0,44,1,1,236,1,0,0.234,0,0.28
ORD000159,PIN0287,0.0980742982508405,1,Prepaid,1856.74,25.9,beauty,0,32,0,1,26,0,0,0.091,0,0.074
ORD000160,PIN0028,0.17457033883238962,3,Prepaid,764.77,20.4,apparel,0,47,0,1,69,0,0,0.163,0,0.055
ORD000161,PIN0222,0.2838482186160987,3,COD,362.58,18.4,beauty,1,52,1,1,101,1,0,0.236,1,0.422
ORD000162,PIN0136,0.02334406143818844,1,Prepaid,1209.43,0.0,apparel,0,45,1,1,431,9,1,0.063,0,0.02
ORD000163,PIN0109,0.08188580156604809,1,Prepaid,208.75,38.8,electronics,0,69,1,1,912,12,1,0.059,0,0.032
ORD000164,PIN0099,0.22455714953226596,3,COD,1342.74,33.2,home,0,23,1,1,206,8,1,0.161,1,0.56
ORD000165,PIN0032,0.1125112445860934,3,COD,1415.27,18.5,apparel,0,63,1,0,852,18,2,0.102,1,0.458
ORD000166,PIN0008,0.21382156642365382,1,Prepaid,658.68,26.9,beauty,0,20,0,1,1192,23,5,0.206,0,0.174
ORD000167,PIN0084,0.3366089221382588,2,Prepaid,738.62,15.6,footwear,1,58,0,1,54,0,0,0.287,0,0.131
ORD000168,PIN0050,0.3528860025129336,2,Prepaid,2042.83,24.9,footwear,0,5,0,1,7,1,0,0.232,0,0.342
ORD000169,PIN0079,0.33273636798380235,2,Prepaid,3847.94,0.0,footwear,1,39,1,1,139,0,0,0.186,0,0.078
ORD000170,PIN0169,0.049707931382895566,2,Prepaid,1108.24,0.0,apparel,1,64,1,1,90,1,0,0.07,0,0.024
ORD000171,PIN0108,0.3978454192026738,2,COD,669.93,0.0,electronics,1,36,1,1,58,0,0,0.258,1,0.426
ORD000172,PIN0211,0.1136149651497779,1,Prepaid,1424.47,5.3,home,0,42,0,1,169,0,0,0.124,0,0.035
ORD000173,PIN0024,0.2513226518182671,3,COD,982.85,7.3,footwear,0,50,0,1,725,9,2,0.253,0,0.38
ORD000174,PIN0113,0.23619703608082426,3,Prepaid,1356.53,20.4,apparel,0,5,0,1,85,0,0,0.17,0,0.157
ORD000175,PIN0276,0.2879002600445968,2,COD,1212.22,11.9,footwear,0,50,0,1,180,3,1,0.228,1,0.408
ORD000176,PIN0044,0.1133005032463249,2,COD,1234.79,14.7,electronics,0,25,1,1,185,4,1,0.175,1,0.215
ORD000177,PIN0271,0.10856135559503235,2,Prepaid,141.27,0.8,home,0,63,0,1,24,0,0,0.09,0,0.051
ORD000178,PIN0158,0.26324195978453147,1,COD,736.79,0.0,beauty,0,42,0,1,110,1,0,0.175,0,0.324
ORD000179,PIN0275,0.14779913792267438,3,Prepaid,680.78,15.5,apparel,0,49,1,1,250,6,0,0.08,0,0.027
ORD000180,PIN0251,0.1970314724318071,2,COD,672.87,8.5,apparel,0,20,0,1,230,6,1,0.135,0,0.539
ORD000181,PIN0154,0.055144526164834035,1,Prepaid,1683.04,15.1,apparel,0,60,0,0,30,0,0,0.161,0,0.119
ORD000182,PIN0235,0.29986877685320723,2,Prepaid,394.54,21.5,beauty,0,43,0,1,273,6,1,0.246,0,0.087
ORD000183,PIN0086,0.2321781775386277,1,COD,142.13,34.7,beauty,1,13,1,1,633,13,2,0.173,1,0.667
ORD000184,PIN0227,0.1964046074585869,3,Prepaid,660.57,14.8,electronics,0,33,1,1,36,0,0,0.168,0,0.035
ORD000185,PIN0053,0.25942751057307656,3,COD,552.46,36.8,beauty,0,57,0,1,239,2,0,0.184,1,0.47
ORD000186,PIN0243,0.11429433278022987,2,Prepaid,1113.9,19.9,beauty,1,46,0,1,114,1,0,0.137,0,0.066
ORD000187,PIN0290,0.12660614737952092,2,Prepaid,549.03,23.3,apparel,0,58,1,1,868,14,3,0.195,0,0.036
ORD000188,PIN0100,0.2520666975858372,2,Prepaid,875.56,27.6,apparel,0,36,1,1,103,1,0,0.246,0,0.057
ORD000189,PIN0228,0.15044575363342055,2,COD,779.95,23.6,electronics,1,68,1,1,188,2,0,0.203,0,0.35
ORD000190,PIN0288,0.1006295496297796,1,COD,2485.21,5.4,electronics,0,72,1,1,63,2,0,0.227,1,0.202
ORD000191,PIN0280,0.20881393589165134,1,Prepaid,561.32,28.0,footwear,1,8,1,1,229,3,1,0.28,1,0.188
ORD000192,PIN0211,0.1136149651497779,1,Prepaid,1613.16,10.5,footwear,0,55,1,1,167,0,0,0.152,0,0.026
ORD000193,PIN0229,0.08567069914876634,3,COD,1008.05,18.6,beauty,0,74,1,1,91,1,0,0.088,0,0.187
ORD000194,PIN0094,0.2827977123570768,3,COD,2073.52,16.6,apparel,0,53,1,1,230,2,1,0.258,1,0.334
ORD000195,PIN0166,0.31626333508388804,3,COD,2999.93,28.7,home,1,43,0,1,382,5,1,0.283,0,0.689
ORD000196,PIN0175,0.16552802363041927,3,Prepaid,996.07,19.7,apparel,1,17,1,1,126,1,0,0.115,0,0.116
ORD000197,PIN0231,0.3765652302855751,1,COD,215.75,0.0,electronics,1,37,1,1,663,15,4,0.241,0,0.405
ORD000198,PIN0079,0.33273636798380235,2,COD,397.16,40.1,footwear,0,33,0,0,150,4,1,0.311,1,0.828
ORD000199,PIN0063,0.08371105588997728,2,Prepaid,313.94,25.0,footwear,1,61,1,1,22,0,0,0.163,0,0.077
ORD000200,PIN0087,0.40978203380181466,3,COD,740.04,8.4,footwear,0,63,1,1,286,2,0,0.211,0,0.352
ORD000201,PIN0298,0.23071903073603278,1,Prepaid,648.89,1.4,apparel,0,40,1,1,7,0,0,0.189,0,0.055
ORD000202,PIN0202,0.3777076233346446,1,COD,1256.0,26.4,electronics,0,24,0,1,94,3,1,0.319,1,0.778
ORD000203,PIN0194,0.2768781519474444,2,Prepaid,1964.87,2.8,home,0,5,1,1,591,10,2,0.176,0,0.091
ORD000204,PIN0216,0.19203502063602926,2,Prepaid,192.32,24.6,apparel,0,55,1,1,219,7,1,0.127,0,0.038
ORD000205,PIN0226,0.2118414911064497,2,Prepaid,1066.67,27.8,home,0,53,1,1,143,2,0,0.173,0,0.045
ORD000206,PIN0158,0.26324195978453147,1,COD,574.8,7.2,apparel,0,5,0,1,387,5,1,0.229,0,0.618
ORD000207,PIN0145,0.19822149193013747,2,COD,1094.8,6.1,footwear,1,54,1,1,38,1,0,0.238,0,0.327
ORD000208,PIN0188,0.07732592795057032,3,Prepaid,742.51,9.4,electronics,1,61,0,1,1880,28,4,0.139,0,0.051
ORD000209,PIN0206,0.12920022168358922,2,COD,1741.95,3.1,apparel,1,5,0,1,328,6,1,0.224,0,0.614
ORD000210,PIN0145,0.19822149193013747,2,COD,423.28,17.8,footwear,0,23,1,1,21,0,0,0.115,1,0.595
ORD000211,PIN0167,0.4935862904591014,2,COD,606.23,19.5,home,0,93,0,1,207,2,1,0.379,0,0.634
ORD000212,PIN0163,0.1177622618451269,3,Prepaid,943.78,23.7,electronics,1,45,1,1,381,5,1,0.102,0,0.043
ORD000213,PIN0156,0.3125517351760875,2,Prepaid,805.64,5.0,footwear,0,89,1,1,8,0,0,0.276,0,0.081
ORD000214,PIN0150,0.20240653300047812,1,Prepaid,939.32,25.1,beauty,0,48,1,1,431,8,2,0.236,0,0.048
ORD000215,PIN0294,0.040004163438341296,1,Prepaid,245.06,3.1,beauty,0,66,1,1,1086,25,2,0.079,0,0.02
ORD000216,PIN0169,0.049707931382895566,2,COD,2703.13,25.1,electronics,0,38,1,1,17,0,0,0.161,0,0.395
ORD000217,PIN0205,0.14470001271385566,1,COD,697.37,0.0,footwear,0,31,1,1,501,10,2,0.198,0,0.195
ORD000218,PIN0153,0.08879927597471768,3,COD,449.53,33.8,beauty,0,12,1,1,148,3,1,0.175,0,0.488
ORD000219,PIN0230,0.21027956975533948,2,Prepaid,960.74,8.7,beauty,0,55,1,1,70,2,1,0.32,0,0.044
ORD000220,PIN0240,0.12395838000505166,1,COD,1073.57,22.2,footwear,0,27,1,1,283,3,0,0.1,0,0.215
ORD000221,PIN0048,0.05953686130987361,2,Prepaid,3503.17,23.1,apparel,0,25,0,1,1,0,0,0.114,0,0.092
ORD000222,PIN0178,0.056718874516770906,3,Prepaid,2183.42,0.0,home,1,13,0,1,236,2,0,0.225,0,0.123
ORD000223,PIN0105,0.41334614884396115,1,COD,792.6,25.0,footwear,1,45,0,1,108,2,1,0.392,1,0.702
ORD000224,PIN0182,0.14478787604400445,3,Prepaid,3101.62,8.4,apparel,0,59,0,1,56,0,0,0.136,1,0.056
ORD000225,PIN0256,0.1279375750248723,2,COD,2707.26,11.3,home,0,40,0,1,103,1,0,0.151,0,0.356
ORD000226,PIN0272,0.22304563796637572,2,Prepaid,453.37,7.0,footwear,1,38,1,1,345,5,1,0.213,0,0.052
ORD000227,PIN0275,0.14779913792267438,3,Prepaid,4039.79,34.4,beauty,1,75,1,1,1,0,0,0.15,1,0.133
ORD000228,PIN0265,0.05224771045445513,3,Prepaid,707.53,1.0,apparel,0,12,0,1,189,5,1,0.206,1,0.085
ORD000229,PIN0112,0.24386188263641523,2,COD,1169.62,20.2,apparel,1,81,1,1,581,5,1,0.186,0,0.382
ORD000230,PIN0220,0.4411853605605627,2,COD,2434.15,7.5,apparel,1,17,1,1,272,4,2,0.411,1,0.772
ORD000231,PIN0051,0.1270287892811351,2,COD,193.39,28.1,electronics,0,42,0,1,90,2,0,0.161,0,0.348
ORD000232,PIN0138,0.16554834211763325,2,COD,939.89,42.9,beauty,0,52,1,1,173,1,0,0.116,0,0.306
ORD000233,PIN0123,0.13287765724636655,3,COD,1305.95,7.4,beauty,0,64,1,1,69,0,0,0.078,0,0.174
ORD000234,PIN0270,0.05871297016687864,3,COD,2128.43,16.7,beauty,1,12,1,1,200,5,0,0.061,1,0.439
ORD000235,PIN0191,0.4909142738276876,2,Prepaid,1034.89,10.4,electronics,0,48,1,1,40,4,1,0.348,0,0.09
ORD000236,PIN0021,0.11081589624148036,1,COD,196.17,27.5,home,0,32,1,1,483,8,1,0.091,0,0.222
ORD000237,PIN0174,0.3104143033084286,1,COD,3485.76,12.0,footwear,0,64,1,1,7,0,0,0.251,1,0.542
ORD000238,PIN0131,0.37098212541580694,2,Prepaid,1063.27,25.9,footwear,0,32,1,1,627,6,2,0.313,1,0.082
ORD000239,PIN0208,0.13765125001234177,3,Prepaid,1343.17,10.2,home,0,6,1,1,36,0,0,0.229,0,0.082
ORD000240,PIN0054,0.2536131832355048,3,Prepaid,273.52,41.9,apparel,0,52,1,1,100,0,0,0.143,0,0.059
ORD000241,PIN0071,0.18347397774733312,3,Prepaid,2627.95,0.0,footwear,1,44,1,1,344,6,1,0.17,0,0.054
ORD000242,PIN0014,0.1671477447440522,1,Prepaid,715.87,19.5,footwear,0,80,1,1,79,1,0,0.169,0,0.036
ORD000243,PIN0205,0.14470001271385566,1,Prepaid,576.62,14.9,footwear,1,64,0,1,110,4,1,0.17,0,0.069
ORD000244,PIN0143,0.30134916635767295,3,COD,2243.68,14.4,beauty,1,27,1,0,48,0,0,0.264,1,0.716
ORD000245,PIN0212,0.27274932736149954,1,Prepaid,306.09,18.4,apparel,0,64,1,1,172,5,1,0.232,0,0.05
ORD000246,PIN0114,0.09429357946075165,2,COD,1357.38,15.7,electronics,0,46,1,1,66,2,0,0.095,0,0.185
ORD000247,PIN0238,0.19595485581764938,1,COD,561.72,17.6,apparel,1,59,1,1,102,5,1,0.15,1,0.329
ORD000248,PIN0044,0.1133005032463249,2,COD,1474.94,19.9,electronics,0,29,1,1,324,2,0,0.183,1,0.233
ORD000249,PIN0037,0.2736753601098101,2,COD,1760.3,36.0,electronics,1,37,0,1,122,0,0,0.269,0,0.612
ORD000250,PIN0150,0.20240653300047812,1,Prepaid,695.39,0.0,footwear,1,57,1,1,349,5,1,0.122,0,0.038
ORD000251,PIN0012,0.3248824103770745,1,COD,2525.35,37.2,electronics,0,59,1,1,176,2,0,0.239,0,0.511
ORD000252,PIN0215,0.10605263267725348,3,COD,1064.73,45.7,electronics,0,5,1,1,177,5,0,0.073,1,0.497
ORD000253,PIN0125,0.16208424984251227,2,COD,3519.66,0.0,beauty,0,56,0,1,470,11,1,0.122,0,0.32
ORD000254,PIN0043,0.037347311003300854,1,Prepaid,2262.74,15.6,apparel,0,28,1,1,105,2,0,0.033,0,0.02
ORD000255,PIN0294,0.040004163438341296,1,COD,1156.47,31.5,apparel,1,49,1,1,10,0,0,0.147,0,0.422
ORD000256,PIN0091,0.14455891564261608,1,Prepaid,1150.16,26.0,home,0,11,0,1,495,5,1,0.137,0,0.133
ORD000257,PIN0112,0.24386188263641523,2,Prepaid,336.89,35.1,apparel,0,62,1,1,54,3,1,0.262,0,0.065
ORD000258,PIN0253,0.21270011367388433,2,COD,2241.62,19.5,apparel,0,58,1,1,291,7,1,0.185,0,0.278
ORD000259,PIN0226,0.2118414911064497,2,Prepaid,641.15,0.0,beauty,1,28,1,1,420,9,1,0.13,0,0.039
ORD000260,PIN0171,0.15493771621588867,3,COD,1250.74,30.7,apparel,0,53,0,1,84,2,0,0.223,0,0.403
ORD000261,PIN0184,0.2948675343213751,3,COD,3498.96,22.6,apparel,0,44,0,1,347,2,0,0.248,0,0.547
ORD000262,PIN0073,0.15856417771242562,3,Prepaid,2493.62,32.6,beauty,1,57,1,1,235,6,1,0.224,0,0.069
ORD000263,PIN0089,0.22910754448601503,2,Prepaid,479.92,0.0,footwear,0,17,0,1,95,1,0,0.211,0,0.124
ORD000264,PIN0027,0.2720036445368748,2,COD,1069.22,0.4,apparel,1,20,1,1,47,1,0,0.19,0,0.564
ORD000265,PIN0043,0.037347311003300854,1,Prepaid,1345.49,15.2,electronics,1,30,0,1,814,17,3,0.167,0,0.054
ORD000266,PIN0001,0.19426107661547698,1,COD,2702.12,31.0,beauty,0,43,0,1,164,4,1,0.137,1,0.466
ORD000267,PIN0127,0.4135814221350584,2,Prepaid,2437.36,34.3,home,1,77,1,0,894,16,4,0.256,0,0.334
ORD000268,PIN0094,0.2827977123570768,3,Prepaid,1602.82,6.3,beauty,0,48,1,1,17,0,0,0.218,0,0.07
ORD000269,PIN0030,0.16141970430743355,2,Prepaid,1496.28,10.1,home,1,63,0,1,212,5,1,0.14,0,0.063
ORD000270,PIN0064,0.13292062134901952,2,Prepaid,1054.34,49.5,footwear,1,27,0,1,709,14,1,0.074,0,0.096
ORD000271,PIN0150,0.20240653300047812,1,COD,1317.02,8.4,apparel,0,33,0,1,91,0,0,0.123,1,0.3
ORD000272,PIN0098,0.2377937294785135,1,Prepaid,873.67,23.1,footwear,0,31,0,1,101,2,0,0.155,0,0.066
ORD000273,PIN0131,0.37098212541580694,2,Prepaid,1877.26,9.6,apparel,0,41,1,1,285,5,1,0.249,0,0.057
ORD000274,PIN0070,0.15029321287037345,2,Prepaid,1552.68,20.7,footwear,0,58,1,1,167,1,0,0.195,0,0.037
ORD000275,PIN0140,0.21265385060190026,3,COD,2186.73,4.6,beauty,0,38,0,1,261,2,0,0.22,0,0.334
ORD000276,PIN0295,0.039989515935606415,2,COD,2144.95,4.9,beauty,1,38,1,1,409,12,1,0.089,0,0.195
ORD000277,PIN0230,0.21027956975533948,2,COD,638.59,10.6,electronics,0,56,1,1,351,6,1,0.226,1,0.264
ORD000278,PIN0083,0.20019172067931276,1,COD,103.57,8.5,beauty,0,34,1,1,128,4,0,0.108,0,0.211
ORD000279,PIN0239,0.03046948595756026,3,COD,597.82,11.4,apparel,0,29,1,1,129,0,0,0.115,0,0.159
ORD000280,PIN0176,0.22035230981956289,1,COD,1309.62,21.3,electronics,1,38,1,1,396,9,2,0.257,0,0.406
ORD000281,PIN0269,0.16817721963481505,2,Prepaid,874.74,37.7,beauty,1,81,1,1,177,5,1,0.111,0,0.062
ORD000282,PIN0164,0.05853294876169379,1,COD,846.47,7.9,electronics,1,62,0,1,164,1,0,0.084,1,0.29
ORD000283,PIN0279,0.16028322934219974,1,Prepaid,567.35,3.1,electronics,0,82,1,1,205,4,0,0.107,0,0.024
ORD000284,PIN0122,0.19225689255239523,2,COD,1445.91,15.1,apparel,0,18,1,1,82,1,0,0.139,0,0.456
ORD000285,PIN0249,0.18175191628401088,2,Prepaid,202.57,4.8,footwear,1,52,0,1,141,2,0,0.156,0,0.063
ORD000286,PIN0053,0.25942751057307656,3,COD,1593.8,0.0,electronics,1,37,0,1,311,3,0,0.145,0,0.397
ORD000287,PIN0169,0.049707931382895566,2,COD,1614.79,27.8,beauty,0,38,0,1,113,1,0,0.088,1,0.276
ORD000288,PIN0246,0.04499326698297448,3,Prepaid,2153.9,16.0,footwear,0,14,1,1,96,1,0,0.122,1,0.06
ORD000289,PIN0221,0.18271973881483156,3,Prepaid,6324.15,17.1,apparel,0,71,1,1,289,3,0,0.143,0,0.047
ORD000290,PIN0244,0.13787685502575003,2,COD,87.77,0.0,apparel,0,12,1,0,558,8,1,0.124,1,0.65
ORD000291,PIN0204,0.18053165217789413,3,COD,1563.94,8.0,footwear,1,62,0,1,169,3,0,0.165,0,0.392
ORD000292,PIN0105,0.41334614884396115,1,Prepaid,1787.49,0.0,home,0,37,1,1,52,2,0,0.247,0,0.054
ORD000293,PIN0036,0.08284178114735373,3,Prepaid,599.11,14.8,electronics,1,26,0,1,432,6,1,0.123,0,0.055
ORD000294,PIN0112,0.24386188263641523,2,COD,923.89,16.6,apparel,0,25,0,1,1271,22,4,0.164,0,0.371
ORD000295,PIN0144,0.364923011242039,1,COD,724.07,16.6,beauty,0,46,0,1,5,1,0,0.192,0,0.591
ORD000296,PIN0158,0.26324195978453147,1,COD,1635.73,7.0,home,0,37,0,1,179,3,1,0.184,0,0.354
ORD000297,PIN0115,0.13725424899347285,2,Prepaid,2316.58,4.8,electronics,0,45,0,1,158,1,0,0.178,0,0.041
ORD000298,PIN0106,0.16299644770966804,2,COD,382.18,12.7,footwear,0,5,0,1,102,3,0,0.092,0,0.515
ORD000299,PIN0212,0.27274932736149954,1,COD,1459.24,19.3,apparel,0,5,1,0,336,5,1,0.143,0,0.786
ORD000300,PIN0291,0.059567133894519744,3,Prepaid,2647.17,8.0,electronics,0,8,0,1,229,4,0,0.08,1,0.103
ORD000301,PIN0258,0.017856788886404025,2,COD,637.27,3.8,apparel,1,61,1,0,724,11,1,0.077,0,0.424
ORD000302,PIN0213,0.38875728814876137,1,COD,511.19,4.3,beauty,0,73,1,1,295,5,1,0.266,1,0.35
ORD000303,PIN0093,0.07361655439550663,2,COD,460.33,7.1,footwear,0,39,0,1,49,0,0,0.078,1,0.22
ORD000304,PIN0164,0.05853294876169379,1,COD,535.81,9.6,apparel,0,59,1,1,36,0,0,0.151,0,0.174
ORD000305,PIN0109,0.08188580156604809,1,COD,3458.71,1.8,beauty,1,51,1,1,785,15,1,0.075,0,0.256
ORD000306,PIN0283,0.3251461237517792,3,COD,3994.33,9.7,apparel,1,68,0,1,94,0,0,0.358,1,0.658
ORD000307,PIN0028,0.17457033883238962,3,Prepaid,2879.21,29.8,electronics,0,69,0,1,310,5,1,0.15,0,0.085
ORD000308,PIN0130,0.2313331139934696,2,Prepaid,860.26,11.5,apparel,1,20,0,1,332,4,1,0.178,0,0.191
ORD000309,PIN0227,0.1964046074585869,3,COD,2953.81,0.1,beauty,1,48,1,1,382,11,1,0.129,0,0.329
ORD000310,PIN0292,0.06435949955468566,3,Prepaid,436.38,0.0,footwear,1,62,0,1,176,2,0,0.057,0,0.037
ORD000311,PIN0228,0.15044575363342055,2,COD,1908.99,37.0,apparel,1,62,1,1,128,3,1,0.191,0,0.396
ORD000312,PIN0168,0.09176533396817868,2,Prepaid,685.16,28.7,apparel,0,60,0,1,344,5,1,0.139,0,0.05
ORD000313,PIN0018,0.2210946797093708,3,COD,385.05,18.4,apparel,0,44,1,1,99,0,0,0.18,0,0.276
ORD000314,PIN0225,0.17899813687380903,1,Prepaid,1426.96,29.0,beauty,1,58,0,1,86,1,0,0.126,0,0.085
ORD000315,PIN0046,0.29996584020542727,1,COD,1452.48,21.3,apparel,0,16,1,1,278,2,0,0.188,0,0.57
ORD000316,PIN0217,0.08454080558982856,2,Prepaid,1556.65,14.1,footwear,0,17,1,1,123,3,0,0.113,0,0.063
ORD000317,PIN0112,0.24386188263641523,2,COD,1685.13,0.1,home,0,75,1,1,463,7,1,0.176,0,0.228
ORD000318,PIN0002,0.2817196880794777,2,Prepaid,1375.59,37.9,beauty,0,66,1,1,77,0,0,0.154,0,0.06
ORD000319,PIN0098,0.2377937294785135,1,COD,993.69,9.8,apparel,0,76,0,1,11,0,0,0.158,0,0.471
ORD000320,PIN0284,0.0998681851433615,1,Prepaid,1139.01,10.4,electronics,0,41,1,1,121,2,0,0.122,0,0.024
ORD000321,PIN0206,0.12920022168358922,2,COD,1927.67,15.4,footwear,0,25,1,1,144,2,0,0.15,1,0.215
ORD000322,PIN0203,0.15412845945996423,1,Prepaid,1338.37,15.7,beauty,0,41,0,0,74,2,0,0.163,0,0.148
ORD000323,PIN0170,0.3311683196889837,1,Prepaid,749.12,21.9,home,1,83,1,1,1324,11,3,0.265,0,0.092
ORD000324,PIN0282,0.1658490060269755,3,Prepaid,590.49,20.5,home,0,28,1,1,732,13,1,0.111,0,0.032
ORD000325,PIN0232,0.2018970243353363,2,COD,1131.7,8.1,footwear,1,41,1,1,617,12,2,0.179,1,0.311
ORD000326,PIN0058,0.26591533886111357,2,COD,2638.94,15.3,electronics,0,69,1,1,15,0,0,0.184,1,0.496
ORD000327,PIN0037,0.2736753601098101,2,COD,1703.56,21.5,footwear,1,46,1,1,76,1,0,0.203,0,0.412
ORD000328,PIN0237,0.21910981619663927,3,COD,2734.25,7.1,apparel,0,37,0,1,614,13,3,0.263,1,0.445
ORD000329,PIN0234,0.1283935139587208,2,Prepaid,848.69,32.4,beauty,0,60,0,1,852,12,1,0.077,0,0.051
ORD000330,PIN0267,0.15975785024150987,2,Prepaid,1266.2,14.8,beauty,0,35,0,1,158,3,0,0.089,0,0.043
ORD000331,PIN0006,0.2166683783904812,2,Prepaid,1408.68,34.2,electronics,1,54,1,1,600,9,1,0.154,0,0.07
ORD000332,PIN0096,0.08766139781561612,2,COD,1989.74,0.0,apparel,0,5,0,1,632,8,1,0.099,1,0.421
ORD000333,PIN0142,0.16802011769598604,3,Prepaid,849.71,22.9,electronics,0,9,0,1,62,0,0,0.152,0,0.137
ORD000334,PIN0100,0.2520666975858372,2,Prepaid,1700.35,4.3,apparel,0,40,1,1,22,0,0,0.248,0,0.067
ORD000335,PIN0203,0.15412845945996423,1,Prepaid,2538.63,7.4,electronics,0,71,1,1,277,7,1,0.105,0,0.035
ORD000336,PIN0191,0.4909142738276876,2,COD,1036.0,25.9,apparel,0,41,1,1,979,12,5,0.387,0,0.556
ORD000337,PIN0032,0.1125112445860934,3,COD,527.81,12.3,electronics,0,43,0,1,130,2,0,0.167,0,0.287
ORD000338,PIN0110,0.3357736090153051,3,Prepaid,2596.91,46.2,electronics,0,49,0,1,156,2,0,0.189,0,0.163
ORD000339,PIN0177,0.06227004072474524,3,COD,1811.13,21.2,apparel,0,36,1,1,679,18,2,0.101,0,0.189
ORD000340,PIN0128,0.5348421327697304,1,COD,304.51,6.7,beauty,0,12,1,1,303,10,3,0.301,1,0.697
ORD000341,PIN0150,0.20240653300047812,1,Prepaid,1054.86,21.2,apparel,1,58,1,1,961,9,1,0.131,0,0.053
ORD000342,PIN0097,0.08350735734777998,1,Prepaid,3597.72,12.2,beauty,1,50,1,1,199,3,0,0.074,0,0.043
ORD000343,PIN0164,0.05853294876169379,1,Prepaid,1605.22,25.0,footwear,0,51,1,1,529,15,1,0.066,0,0.025
ORD000344,PIN0283,0.3251461237517792,3,Prepaid,1130.11,11.4,footwear,0,22,1,1,59,2,0,0.206,0,0.121
ORD000345,PIN0156,0.3125517351760875,2,COD,470.31,19.9,beauty,1,75,1,1,465,9,2,0.252,1,0.453
ORD000346,PIN0052,0.28899282241905344,2,COD,469.14,17.4,electronics,0,36,1,1,561,10,3,0.265,1,0.344
ORD000347,PIN0102,0.11660942773280061,3,COD,1905.41,15.9,beauty,0,73,1,1,2,0,0,0.077,0,0.287
ORD000348,PIN0222,0.2838482186160987,3,Prepaid,508.09,27.5,electronics,0,5,0,1,107,2,0,0.164,0,0.188
ORD000349,PIN0007,0.10282236469347789,1,COD,1416.07,0.0,apparel,1,36,1,1,234,4,1,0.192,0,0.242
ORD000350,PIN0272,0.22304563796637572,2,Prepaid,1033.64,16.2,apparel,1,75,0,1,496,2,0,0.155,0,0.082
ORD000351,PIN0231,0.3765652302855751,1,COD,1355.3,6.6,footwear,0,42,0,1,2,0,0,0.255,0,0.588
ORD000352,PIN0157,0.12089371859732742,3,Prepaid,966.82,0.0,apparel,0,5,1,1,230,3,0,0.087,0,0.052
ORD000353,PIN0270,0.05871297016687864,3,COD,1553.11,4.9,apparel,0,25,0,1,247,6,1,0.084,0,0.209
ORD000354,PIN0030,0.16141970430743355,2,COD,2144.75,7.6,apparel,0,50,1,1,79,2,0,0.091,0,0.188
ORD000355,PIN0136,0.02334406143818844,1,COD,979.27,12.2,apparel,1,73,1,1,47,2,0,0.033,1,0.19
ORD000356,PIN0168,0.09176533396817868,2,COD,2017.87,19.0,apparel,0,39,1,1,130,3,0,0.105,0,0.196
ORD000357,PIN0158,0.26324195978453147,1,Prepaid,2814.53,21.5,electronics,0,66,1,1,318,6,2,0.273,0,0.076
ORD000358,PIN0220,0.4411853605605627,2,COD,1407.66,10.1,beauty,1,52,1,1,71,0,0,0.354,0,0.54
ORD000359,PIN0192,0.18423061753085718,2,COD,1871.96,34.0,footwear,1,36,1,1,122,3,1,0.192,0,0.405
ORD000360,PIN0231,0.3765652302855751,1,Prepaid,386.13,10.5,home,0,60,1,0,323,4,2,0.41,0,0.222
ORD000361,PIN0140,0.21265385060190026,3,Prepaid,995.13,0.0,footwear,0,64,1,1,77,0,0,0.18,0,0.03
ORD000362,PIN0145,0.19822149193013747,2,COD,270.0,10.9,beauty,0,39,0,1,323,8,1,0.135,0,0.312
ORD000363,PIN0250,0.1327130862470537,1,COD,735.61,15.6,apparel,1,30,1,1,407,4,1,0.137,0,0.284
ORD000364,PIN0010,0.10588038760562166,2,COD,1005.06,0.0,footwear,0,12,0,1,73,1,0,0.077,0,0.421
ORD000365,PIN0028,0.17457033883238962,3,Prepaid,3802.57,29.5,electronics,0,53,1,1,31,0,0,0.141,0,0.055
ORD000366,PIN0133,0.34050859772553177,2,COD,597.6,13.8,home,1,33,1,1,25,0,0,0.237,1,0.574
ORD000367,PIN0042,0.1286804329749095,2,COD,1091.16,1.2,apparel,1,55,0,1,101,1,0,0.093,0,0.306
ORD000368,PIN0086,0.2321781775386277,1,COD,509.24,3.5,electronics,0,50,1,1,398,8,2,0.208,0,0.245
ORD000369,PIN0078,0.1819352724912822,3,Prepaid,940.88,24.1,apparel,1,52,1,1,199,3,1,0.28,0,0.07
ORD000370,PIN0209,0.12881420639621405,1,COD,1571.23,25.6,apparel,0,41,1,1,155,4,1,0.135,1,0.239
ORD000371,PIN0200,0.08728917709623112,2,Prepaid,1753.45,7.2,home,0,19,0,1,4,0,0,0.124,0,0.142
ORD000372,PIN0275,0.14779913792267438,3,COD,846.14,0.0,footwear,1,54,1,0,160,2,1,0.291,0,0.592
ORD000373,PIN0153,0.08879927597471768,3,Prepaid,672.03,16.6,footwear,0,61,1,1,121,3,0,0.129,0,0.026
ORD000374,PIN0272,0.22304563796637572,2,COD,3060.72,18.8,footwear,1,91,0,1,146,2,0,0.161,0,0.541
ORD000375,PIN0260,0.0909392930689977,3,COD,797.1,21.8,footwear,0,33,1,1,440,6,1,0.139,0,0.214
ORD000376,PIN0155,0.06950314701364126,3,COD,131.9,8.2,footwear,0,24,1,1,78,2,0,0.126,1,0.351
ORD000377,PIN0131,0.37098212541580694,2,Prepaid,2547.81,13.5,home,1,21,1,1,257,4,1,0.257,0,0.264
ORD000378,PIN0186,0.16987614693511896,2,Prepaid,172.94,15.2,home,1,43,1,1,345,3,1,0.195,0,0.051
ORD000379,PIN0012,0.3248824103770745,1,COD,2550.44,26.6,apparel,1,61,1,1,517,5,2,0.308,1,0.597
ORD000380,PIN0130,0.2313331139934696,2,COD,275.81,31.0,footwear,0,62,0,1,12,0,0,0.248,0,0.597
ORD000381,PIN0158,0.26324195978453147,1,Prepaid,335.06,34.2,beauty,1,76,1,1,345,8,1,0.158,1,0.079
ORD000382,PIN0133,0.34050859772553177,2,COD,425.17,30.6,apparel,1,52,1,1,69,1,0,0.248,1,0.512
ORD000383,PIN0144,0.364923011242039,1,COD,746.48,36.8,electronics,0,21,1,1,145,2,0,0.22,1,0.681
ORD000384,PIN0096,0.08766139781561612,2,COD,2567.21,27.2,footwear,0,49,1,1,333,7,1,0.134,0,0.289
ORD000385,PIN0236,0.2789920211073238,1,Prepaid,437.54,7.9,home,1,5,1,1,397,10,2,0.18,0,0.139
ORD000386,PIN0287,0.0980742982508405,1,Prepaid,1567.94,33.4,apparel,0,38,1,0,36,1,0,0.078,0,0.099
ORD000387,PIN0235,0.29986877685320723,2,Prepaid,1331.58,0.0,electronics,0,36,0,1,220,7,2,0.308,0,0.07
ORD000388,PIN0099,0.22455714953226596,3,Prepaid,1167.8,43.4,home,1,54,0,1,822,10,3,0.332,0,0.166
ORD000389,PIN0280,0.20881393589165134,1,COD,2252.46,3.3,home,0,53,1,1,72,2,0,0.152,1,0.215
ORD000390,PIN0021,0.11081589624148036,1,COD,1241.19,25.7,apparel,1,30,1,0,11,0,0,0.178,1,0.737
ORD000391,PIN0033,0.04435552253412907,2,COD,1312.53,32.3,home,0,30,1,1,75,0,0,0.076,0,0.203
ORD000392,PIN0004,0.300425211779927,1,COD,1860.4,20.5,home,1,46,1,0,107,2,0,0.208,1,0.714
ORD000393,PIN0039,0.17227556210050016,3,COD,767.42,0.0,apparel,0,54,0,1,598,15,4,0.259,0,0.313
ORD000394,PIN0124,0.18938844288077764,1,COD,1099.35,3.6,apparel,0,59,1,1,40,0,0,0.218,0,0.23
ORD000395,PIN0067,0.19354303656750937,3,COD,1405.98,19.3,electronics,0,35,1,0,1,0,0,0.128,1,0.655
ORD000396,PIN0162,0.025305057507046393,1,Prepaid,2105.64,22.6,home,0,44,0,1,236,5,0,0.041,0,0.032
ORD000397,PIN0162,0.025305057507046393,1,COD,994.24,12.9,footwear,0,24,0,0,82,3,0,0.026,0,0.692
ORD000398,PIN0042,0.1286804329749095,2,COD,1084.8,15.9,footwear,0,24,1,1,88,1,0,0.084,0,0.395
ORD000399,PIN0210,0.31081627181481286,1,Prepaid,1542.09,0.0,home,0,6,1,1,33,1,0,0.239,0,0.105
ORD000400,PIN0038,0.1659381340634445,2,Prepaid,1008.94,36.3,electronics,0,32,0,1,278,4,0,0.099,0,0.062
ORD000401,PIN0176,0.22035230981956289,1,Prepaid,610.29,10.5,apparel,0,70,1,1,651,6,1,0.248,0,0.041
ORD000402,PIN0122,0.19225689255239523,2,Prepaid,1858.11,24.5,beauty,0,73,1,1,767,12,2,0.191,0,0.043
ORD000403,PIN0209,0.12881420639621405,1,Prepaid,1246.32,31.8,electronics,0,56,0,1,50,1,0,0.08,0,0.051
ORD000404,PIN0261,0.3559963391748867,2,COD,815.81,1.1,home,0,65,0,1,29,1,0,0.278,0,0.565
ORD000405,PIN0230,0.21027956975533948,2,COD,424.41,16.5,footwear,0,61,1,1,398,7,1,0.174,0,0.263
ORD000406,PIN0219,0.1075270431373715,3,Prepaid,177.27,18.3,apparel,0,48,0,1,403,10,2,0.185,0,0.048
ORD000407,PIN0296,0.18053002044469238,2,COD,1599.14,11.9,electronics,0,5,1,1,271,3,1,0.218,1,0.474
ORD000408,PIN0197,0.18829990136395383,3,COD,598.08,26.1,beauty,0,90,0,1,234,3,0,0.12,0,0.356
ORD000409,PIN0005,0.3672067173505017,1,COD,258.49,7.0,electronics,1,40,0,1,27,0,0,0.211,1,0.654
ORD000410,PIN0007,0.10282236469347789,1,COD,537.69,15.7,apparel,0,40,1,1,1,0,0,0.117,0,0.296
ORD000411,PIN0293,0.4388590532716878,3,COD,1401.17,10.5,beauty,0,74,1,1,152,2,1,0.31,0,0.423
ORD000412,PIN0033,0.04435552253412907,2,COD,593.08,42.9,apparel,0,48,0,1,270,3,0,0.099,1,0.33
ORD000413,PIN0027,0.2720036445368748,2,Prepaid,1421.83,7.0,electronics,0,95,1,1,593,7,1,0.195,0,0.039
ORD000414,PIN0179,0.09543333500337425,3,Prepaid,704.59,23.9,footwear,1,28,1,1,358,4,1,0.221,0,0.052
ORD000415,PIN0077,0.1899019233140115,1,COD,1094.08,36.6,electronics,0,65,0,1,794,18,3,0.167,0,0.42
ORD000416,PIN0030,0.16141970430743355,2,Prepaid,1167.46,4.0,apparel,1,40,1,1,987,19,4,0.198,0,0.042
ORD000417,PIN0174,0.3104143033084286,1,COD,1788.89,16.1,footwear,0,47,1,1,4,0,0,0.278,1,0.49
ORD000418,PIN0009,0.3673856466563359,3,Prepaid,1828.46,3.2,apparel,0,27,1,1,122,3,1,0.245,0,0.051
ORD000419,PIN0259,0.3688193464675404,1,Prepaid,1121.7,0.0,apparel,0,32,0,1,34,0,0,0.261,0,0.075
ORD000420,PIN0227,0.1964046074585869,3,COD,490.97,5.6,footwear,0,70,1,1,1,0,0,0.272,0,0.377
ORD000421,PIN0080,0.14032323686687975,3,Prepaid,2419.75,8.2,home,0,55,0,1,163,0,0,0.13,0,0.04
ORD000422,PIN0284,0.0998681851433615,1,Prepaid,802.22,8.9,apparel,0,53,0,1,68,1,0,0.109,0,0.035
ORD000423,PIN0165,0.2880773070013004,2,Prepaid,76.76,11.4,beauty,0,12,1,1,5,0,0,0.181,0,0.172
ORD000424,PIN0052,0.28899282241905344,2,Prepaid,1363.39,15.1,electronics,0,12,1,1,892,15,3,0.188,0,0.114
ORD000425,PIN0063,0.08371105588997728,2,Prepaid,1403.83,0.6,footwear,0,26,0,1,193,1,0,0.138,0,0.031
ORD000426,PIN0123,0.13287765724636655,3,COD,828.5,19.2,beauty,1,37,1,1,49,2,0,0.24,0,0.341
ORD000427,PIN0221,0.18271973881483156,3,Prepaid,277.51,29.6,home,1,42,1,1,73,0,0,0.111,0,0.056
ORD000428,PIN0146,0.36719789136152997,3,Prepaid,219.66,31.0,apparel,0,51,1,1,245,1,0,0.212,0,0.073
ORD000429,PIN0157,0.12089371859732742,3,Prepaid,878.96,11.9,apparel,1,65,1,1,56,1,0,0.152,0,0.04
ORD000430,PIN0039,0.17227556210050016,3,COD,448.29,25.7,apparel,0,74,0,0,173,0,0,0.11,0,0.634
ORD000431,PIN0284,0.0998681851433615,1,Prepaid,2100.71,6.8,beauty,0,48,1,0,12,0,0,0.107,0,0.116
ORD000432,PIN0054,0.2536131832355048,3,COD,851.61,10.9,beauty,1,28,0,1,100,2,0,0.174,0,0.451
ORD000433,PIN0029,0.47671536580943735,1,Prepaid,769.99,19.8,apparel,0,59,1,1,102,3,1,0.381,0,0.107
ORD000434,PIN0183,0.021054208464102726,1,COD,3544.21,11.0,apparel,0,48,1,1,403,7,1,0.156,0,0.216
ORD000435,PIN0145,0.19822149193013747,2,Prepaid,95.12,0.0,electronics,0,54,1,1,273,3,1,0.28,0,0.035
ORD000436,PIN0071,0.18347397774733312,3,Prepaid,1086.83,25.0,apparel,0,69,0,1,1519,18,4,0.238,0,0.07
ORD000437,PIN0091,0.14455891564261608,1,COD,184.21,5.1,footwear,0,37,0,1,39,0,0,0.155,0,0.273
ORD000438,PIN0184,0.2948675343213751,3,COD,2591.54,8.8,footwear,0,74,0,1,195,3,1,0.321,0,0.527
ORD000439,PIN0051,0.1270287892811351,2,COD,253.17,27.7,beauty,0,16,0,1,512,14,2,0.127,1,0.571
ORD000440,PIN0204,0.18053165217789413,3,Prepaid,1445.14,21.4,footwear,0,59,1,1,3,0,0,0.152,0,0.062
ORD000441,PIN0062,0.031535551983626044,2,Prepaid,1299.01,17.1,beauty,0,31,1,1,121,0,0,0.167,0,0.025
ORD000442,PIN0102,0.11660942773280061,3,COD,179.9,0.0,electronics,1,49,0,1,170,2,0,0.148,0,0.319
ORD000443,PIN0179,0.09543333500337425,3,COD,1453.0,1.0,beauty,1,51,1,1,101,3,0,0.07,0,0.2
ORD000444,PIN0096,0.08766139781561612,2,COD,702.09,19.8,apparel,0,37,1,1,345,6,1,0.105,1,0.196
ORD000445,PIN0030,0.16141970430743355,2,COD,1659.39,22.6,apparel,0,32,0,1,537,10,2,0.241,0,0.383
ORD000446,PIN0150,0.20240653300047812,1,Prepaid,663.64,18.0,beauty,0,28,0,1,41,1,0,0.149,0,0.055
ORD000447,PIN0261,0.3559963391748867,2,Prepaid,1457.1,9.3,apparel,1,50,1,1,367,5,1,0.186,0,0.07
ORD000448,PIN0095,0.6712531848658078,2,COD,1005.13,8.9,footwear,1,57,1,1,157,4,1,0.357,0,0.669
ORD000449,PIN0204,0.18053165217789413,3,Prepaid,1453.89,17.6,apparel,0,81,0,1,214,4,1,0.259,0,0.064
ORD000450,PIN0116,0.19943366426208856,2,COD,1637.67,0.0,electronics,0,39,1,1,333,3,0,0.152,1,0.202
ORD000451,PIN0022,0.2903842384680754,2,Prepaid,921.53,16.1,electronics,0,14,0,1,86,3,1,0.231,0,0.182
ORD000452,PIN0221,0.18271973881483156,3,COD,805.04,0.0,apparel,0,54,0,1,1050,10,2,0.191,0,0.29
ORD000453,PIN0285,0.33672858512786896,1,Prepaid,1606.65,2.4,apparel,0,10,0,1,197,1,0,0.295,0,0.184
ORD000454,PIN0018,0.2210946797093708,3,Prepaid,710.98,17.1,electronics,1,77,0,1,21,0,0,0.199,0,0.145
ORD000455,PIN0052,0.28899282241905344,2,COD,936.93,22.0,apparel,0,60,1,0,371,8,2,0.284,1,0.663
ORD000456,PIN0122,0.19225689255239523,2,Prepaid,2933.25,19.1,apparel,0,24,1,1,481,7,1,0.124,0,0.118
ORD000457,PIN0031,0.41967486187398545,2,Prepaid,1095.63,1.6,apparel,1,13,1,1,137,2,1,0.312,0,0.21
ORD000458,PIN0226,0.2118414911064497,2,COD,1829.3,0.0,beauty,0,27,0,1,86,2,0,0.145,0,0.285
ORD000459,PIN0221,0.18271973881483156,3,COD,622.71,14.9,footwear,0,55,0,1,7,0,0,0.207,1,0.482
ORD000460,PIN0173,0.3718265525210354,1,Prepaid,1441.94,0.0,footwear,0,29,0,1,92,4,1,0.359,0,0.091
ORD000461,PIN0235,0.29986877685320723,2,COD,956.26,26.3,electronics,0,59,0,1,39,0,0,0.237,0,0.478
ORD000462,PIN0271,0.10856135559503235,2,COD,822.62,2.0,home,0,63,0,0,38,1,0,0.14,1,0.516
ORD000463,PIN0199,0.2548041415909087,3,COD,163.8,41.8,footwear,1,33,1,1,298,1,0,0.144,1,0.455
ORD000464,PIN0176,0.22035230981956289,1,Prepaid,453.63,3.5,electronics,0,62,1,1,101,1,0,0.213,0,0.034
ORD000465,PIN0211,0.1136149651497779,1,COD,3696.82,20.6,footwear,1,69,0,1,26,0,0,0.126,0,0.601
ORD000466,PIN0283,0.3251461237517792,3,COD,995.6,6.2,home,0,56,0,1,172,6,1,0.227,0,0.406
ORD000467,PIN0299,0.25128662396021834,2,Prepaid,1101.31,13.0,apparel,1,55,1,1,281,4,1,0.152,0,0.055
ORD000468,PIN0147,0.11813379126648295,2,COD,2061.81,17.2,electronics,0,33,1,1,101,0,0,0.089,0,0.196
ORD000469,PIN0079,0.33273636798380235,2,Prepaid,1344.03,25.3,footwear,0,85,0,1,800,16,3,0.209,0,0.093
ORD000470,PIN0214,0.6315101336444798,2,COD,818.11,27.2,apparel,0,25,1,0,22,1,0,0.39,1,0.9
ORD000471,PIN0011,0.23995645601446844,2,Prepaid,824.81,23.7,apparel,0,36,0,1,99,1,0,0.284,1,0.084
ORD000472,PIN0229,0.08567069914876634,3,Prepaid,420.79,27.5,apparel,0,63,0,1,5,0,0,0.088,0,0.074
ORD000473,PIN0093,0.07361655439550663,2,COD,1529.68,7.6,apparel,0,37,0,1,687,19,3,0.151,0,0.247
ORD000474,PIN0271,0.10856135559503235,2,Prepaid,1569.03,22.8,apparel,0,38,1,1,41,1,0,0.207,0,0.035
ORD000475,PIN0179,0.09543333500337425,3,COD,1111.63,10.9,electronics,1,17,0,1,739,9,2,0.173,0,0.601
ORD000476,PIN0045,0.11778983919317748,1,COD,975.58,26.8,home,1,35,1,1,21,0,0,0.127,0,0.439
ORD000477,PIN0150,0.20240653300047812,1,COD,1579.29,16.4,apparel,0,93,1,1,255,4,1,0.131,0,0.243
ORD000478,PIN0109,0.08188580156604809,1,Prepaid,411.5,22.4,footwear,0,37,0,0,29,1,0,0.08,0,0.193
ORD000479,PIN0103,0.14686359912766067,3,COD,1397.59,18.5,footwear,0,70,1,1,78,0,0,0.086,0,0.21
ORD000480,PIN0168,0.09176533396817868,2,COD,3042.49,24.1,electronics,0,35,0,1,398,3,0,0.11,0,0.366
ORD000481,PIN0172,0.1792836304796501,2,COD,638.61,5.3,footwear,0,23,1,0,105,2,0,0.233,1,0.736
ORD000482,PIN0273,0.04324480243644174,3,COD,903.19,0.0,beauty,0,29,1,1,28,2,0,0.144,0,0.228
ORD000483,PIN0088,0.1692829165704169,3,COD,2516.28,26.9,apparel,0,59,0,1,648,8,2,0.304,0,0.517
ORD000484,PIN0230,0.21027956975533948,2,COD,1113.03,31.1,apparel,0,5,0,1,14,0,0,0.145,1,0.756
ORD000485,PIN0240,0.12395838000505166,1,COD,1931.07,13.6,beauty,0,79,1,1,655,11,1,0.12,0,0.198
ORD000486,PIN0082,0.22315030234183808,1,COD,1457.53,24.7,footwear,0,54,1,1,79,3,1,0.302,0,0.351
ORD000487,PIN0014,0.1671477447440522,1,Prepaid,1546.18,0.0,apparel,1,37,0,1,381,7,2,0.216,1,0.063
ORD000488,PIN0164,0.05853294876169379,1,COD,608.34,7.5,beauty,1,29,0,0,766,11,1,0.068,1,0.569
ORD000489,PIN0026,0.06540982224658476,3,Prepaid,591.96,16.0,footwear,1,34,0,1,200,5,0,0.1,0,0.052
ORD000490,PIN0022,0.2903842384680754,2,COD,1755.31,0.0,footwear,0,68,1,1,2,0,0,0.199,0,0.375
ORD000491,PIN0290,0.12660614737952092,2,COD,303.28,0.0,footwear,1,13,1,1,167,3,0,0.078,0,0.42
ORD000492,PIN0021,0.11081589624148036,1,COD,935.93,16.9,apparel,0,43,1,1,17,1,0,0.269,0,0.371
ORD000493,PIN0196,0.2509986970916318,1,COD,1580.6,7.7,apparel,0,67,0,1,18,0,0,0.15,0,0.466
ORD000494,PIN0176,0.22035230981956289,1,COD,899.59,10.8,apparel,1,5,0,1,822,11,2,0.177,0,0.672
ORD000495,PIN0118,0.10553235910087899,1,Prepaid,983.14,10.1,apparel,0,32,1,1,144,3,0,0.086,0,0.023
ORD000496,PIN0146,0.36719789136152997,3,COD,1997.96,0.0,footwear,0,14,1,1,63,1,0,0.24,1,0.549
ORD000497,PIN0139,0.20637671394889248,1,COD,2724.2,12.4,beauty,1,19,1,1,72,2,0,0.168,1,0.642
ORD000498,PIN0139,0.20637671394889248,1,Prepaid,4683.65,14.8,footwear,0,49,1,1,392,8,2,0.254,0,0.058
ORD000499,PIN0068,0.10820352955491426,2,COD,2566.99,8.0,electronics,0,57,1,1,1161,23,1,0.06,0,0.212
ORD000500,PIN0173,0.3718265525210354,1,COD,756.78,9.0,electronics,0,36,1,1,50,0,0,0.347,0,0.396
ORD000501,PIN0192,0.18423061753085718,2,COD,521.74,12.6,apparel,1,15,1,1,26,1,0,0.181,0,0.685
ORD000502,PIN0089,0.22910754448601503,2,COD,765.42,24.8,electronics,0,27,1,1,887,17,4,0.235,0,0.325
ORD000503,PIN0040,0.37739358518775873,2,COD,1599.62,13.9,home,0,52,0,1,633,7,2,0.338,0,0.523
ORD000504,PIN0263,0.16689791901383302,2,Prepaid,830.05,0.0,home,0,44,0,1,291,4,1,0.143,0,0.038
ORD000505,PIN0263,0.16689791901383302,2,Prepaid,628.72,0.7,home,0,21,1,1,399,9,2,0.208,0,0.073
ORD000506,PIN0246,0.04499326698297448,3,COD,2949.36,26.2,footwear,0,35,0,1,17,0,0,0.102,0,0.476
ORD000507,PIN0289,0.3429607414101108,1,Prepaid,808.71,6.8,apparel,1,60,0,1,268,4,1,0.256,0,0.111
ORD000508,PIN0058,0.26591533886111357,2,Prepaid,1511.19,13.9,apparel,1,49,0,1,160,2,0,0.238,0,0.101
ORD000509,PIN0263,0.16689791901383302,2,COD,1482.83,38.1,home,1,24,1,1,116,3,0,0.117,1,0.618
ORD000510,PIN0162,0.025305057507046393,1,Prepaid,168.86,22.6,electronics,0,50,1,1,85,1,0,0.118,0,0.024
ORD000511,PIN0132,0.24870174259221878,1,Prepaid,2829.66,0.0,apparel,1,33,0,1,665,6,1,0.179,0,0.096
ORD000512,PIN0118,0.10553235910087899,1,Prepaid,388.05,32.3,apparel,1,32,1,1,385,5,1,0.182,0,0.056
ORD000513,PIN0178,0.056718874516770906,3,Prepaid,273.27,16.8,footwear,0,47,1,1,34,3,0,0.047,0,0.021
ORD000514,PIN0076,0.3281745219329262,2,COD,735.86,19.4,footwear,0,23,0,1,1,1,0,0.247,0,0.806
ORD000515,PIN0254,0.07646704519158327,1,COD,528.35,18.7,apparel,0,36,0,1,100,1,0,0.112,1,0.268
ORD000516,PIN0114,0.09429357946075165,2,COD,2532.59,26.0,beauty,0,65,1,1,52,2,0,0.137,1,0.289
ORD000517,PIN0092,0.048514119952498914,3,COD,1328.07,14.0,apparel,0,94,0,1,17,0,0,0.113,0,0.355
ORD000518,PIN0220,0.4411853605605627,2,COD,680.51,0.0,apparel,1,10,0,1,279,5,2,0.328,0,0.798
ORD000519,PIN0239,0.03046948595756026,3,Prepaid,262.41,18.9,apparel,0,27,0,1,235,3,0,0.037,0,0.03
ORD000520,PIN0153,0.08879927597471768,3,COD,1443.42,0.0,apparel,1,67,0,1,169,2,0,0.137,1,0.3
ORD000521,PIN0247,0.1845798232770183,2,COD,869.26,36.8,footwear,1,19,1,1,373,4,1,0.256,1,0.685
ORD000522,PIN0001,0.19426107661547698,1,Prepaid,1588.38,10.7,apparel,0,42,1,1,77,1,0,0.235,0,0.037
ORD000523,PIN0269,0.16817721963481505,2,COD,1334.38,14.4,beauty,0,80,0,1,85,0,0,0.19,0,0.332
ORD000524,PIN0116,0.19943366426208856,2,COD,543.85,6.9,footwear,1,30,0,1,125,2,0,0.185,0,0.408
ORD000525,PIN0038,0.1659381340634445,2,Prepaid,1735.01,19.1,apparel,0,39,1,1,91,5,1,0.147,0,0.034
ORD000526,PIN0213,0.38875728814876137,1,COD,345.52,20.5,beauty,0,19,1,1,460,6,2,0.28,0,0.66
ORD000527,PIN0166,0.31626333508388804,3,COD,839.61,6.9,electronics,0,58,1,1,267,4,1,0.286,0,0.329
ORD000528,PIN0161,0.13247688971241237,1,COD,932.9,20.4,apparel,1,9,0,0,242,3,1,0.187,1,0.869
ORD000529,PIN0257,0.41431705315609935,3,Prepaid,1034.9,15.8,apparel,0,31,1,1,12,0,0,0.282,0,0.121
ORD000530,PIN0245,0.057521588414221454,2,COD,324.9,13.8,footwear,1,19,1,1,323,3,0,0.059,0,0.426
ORD000531,PIN0113,0.23619703608082426,3,COD,2447.39,6.0,electronics,1,38,0,1,222,3,1,0.233,1,0.45
ORD000532,PIN0114,0.09429357946075165,2,COD,542.69,42.8,apparel,0,82,1,1,301,3,0,0.121,0,0.272
ORD000533,PIN0294,0.040004163438341296,1,COD,202.42,29.2,electronics,0,52,0,1,172,5,0,0.089,0,0.276
ORD000534,PIN0028,0.17457033883238962,3,Prepaid,1365.61,23.7,footwear,0,49,0,1,300,5,1,0.248,0,0.068
ORD000535,PIN0203,0.15412845945996423,1,COD,3662.31,28.5,home,0,50,0,1,411,12,2,0.147,0,0.437
ORD000536,PIN0114,0.09429357946075165,2,Prepaid,167.86,18.6,footwear,0,44,1,1,14,0,0,0.128,0,0.047
ORD000537,PIN0031,0.41967486187398545,2,COD,2016.11,10.8,home,0,70,1,1,162,4,1,0.326,0,0.421
ORD000538,PIN0179,0.09543333500337425,3,COD,1091.92,0.0,apparel,0,60,1,1,571,14,2,0.121,0,0.156
ORD000539,PIN0066,0.17989723194024237,1,Prepaid,337.48,0.4,apparel,0,18,1,1,253,2,1,0.255,0,0.082
ORD000540,PIN0261,0.3559963391748867,2,COD,926.92,41.0,electronics,0,64,1,1,264,2,0,0.221,1,0.455
ORD000541,PIN0000,0.17388674862848544,2,COD,3087.36,28.9,electronics,0,49,0,1,160,3,0,0.127,1,0.441
ORD000542,PIN0280,0.20881393589165134,1,Prepaid,2628.02,17.4,beauty,0,54,0,1,464,11,3,0.227,0,0.087
ORD000543,PIN0144,0.364923011242039,1,COD,5266.89,0.0,home,0,5,1,1,95,2,0,0.241,0,0.628
ORD000544,PIN0224,0.1089637341306029,1,COD,1791.72,22.6,apparel,1,45,0,0,205,2,0,0.177,1,0.703
ORD000545,PIN0297,0.37085986126357623,1,Prepaid,717.28,11.7,footwear,0,42,0,1,3,0,0,0.23,0,0.139
ORD000546,PIN0152,0.17087336091455124,3,COD,1990.93,23.4,electronics,0,31,1,1,4,0,0,0.209,1,0.403
ORD000547,PIN0277,0.19920035272973524,1,COD,594.97,1.7,home,0,66,0,1,281,2,0,0.121,0,0.275
ORD000548,PIN0046,0.29996584020542727,1,COD,989.28,9.1,electronics,1,12,0,1,715,8,2,0.29,1,0.752
ORD000549,PIN0291,0.059567133894519744,3,COD,598.92,25.6,home,0,105,0,1,124,3,0,0.045,0,0.257
ORD000550,PIN0068,0.10820352955491426,2,COD,1786.42,38.1,footwear,0,22,1,1,149,1,0,0.104,0,0.482
ORD000551,PIN0032,0.1125112445860934,3,Prepaid,1675.66,7.1,apparel,0,54,0,1,1014,16,1,0.076,0,0.033
ORD000552,PIN0249,0.18175191628401088,2,COD,644.68,3.0,electronics,0,49,1,1,184,3,1,0.175,0,0.21
ORD000553,PIN0045,0.11778983919317748,1,Prepaid,2314.71,27.3,home,1,68,0,0,614,9,2,0.269,0,0.258
ORD000554,PIN0057,0.1556157190694676,2,COD,2825.57,0.0,footwear,0,78,0,1,204,4,0,0.12,1,0.316
ORD000555,PIN0153,0.08879927597471768,3,COD,723.05,0.7,beauty,0,36,1,1,76,1,0,0.22,0,0.183
ORD000556,PIN0288,0.1006295496297796,1,COD,1463.47,18.2,apparel,0,48,0,1,59,2,0,0.172,0,0.303
ORD000557,PIN0033,0.04435552253412907,2,Prepaid,2943.32,40.0,beauty,0,36,1,1,57,0,0,0.069,0,0.042
ORD000558,PIN0134,0.16060864625339236,2,COD,1370.83,4.8,beauty,1,25,1,1,16,0,0,0.113,1,0.37
ORD000559,PIN0193,0.24561833162778066,2,COD,841.02,10.6,apparel,0,45,0,1,124,3,1,0.192,1,0.362
ORD000560,PIN0031,0.41967486187398545,2,Prepaid,1020.74,16.3,beauty,0,44,1,1,13,0,0,0.284,0,0.123
ORD000561,PIN0251,0.1970314724318071,2,Prepaid,715.69,9.3,beauty,0,45,1,1,824,17,3,0.158,0,0.032
ORD000562,PIN0141,0.07604489038465068,2,COD,2364.08,0.0,apparel,1,37,1,1,91,2,0,0.191,1,0.23
ORD000563,PIN0127,0.4135814221350584,2,Prepaid,2168.25,24.6,apparel,0,51,0,1,437,7,2,0.223,0,0.112
ORD000564,PIN0143,0.30134916635767295,3,COD,582.24,17.2,home,0,60,0,1,51,1,0,0.258,0,0.452
ORD000565,PIN0285,0.33672858512786896,1,COD,679.63,19.4,apparel,0,20,1,1,50,0,0,0.272,1,0.624
ORD000566,PIN0066,0.17989723194024237,1,COD,277.77,13.3,apparel,1,57,0,1,204,3,1,0.273,1,0.466
ORD000567,PIN0239,0.03046948595756026,3,COD,1608.08,33.2,home,0,76,0,1,61,0,0,0.167,0,0.317
ORD000568,PIN0061,0.017546598413318317,2,COD,397.89,8.9,apparel,1,19,0,1,370,3,0,0.094,0,0.508
ORD000569,PIN0211,0.1136149651497779,1,Prepaid,3997.43,2.1,apparel,0,48,1,1,853,15,1,0.062,0,0.027
ORD000570,PIN0096,0.08766139781561612,2,COD,528.52,35.0,footwear,0,54,1,0,149,5,1,0.216,1,0.567
ORD000571,PIN0058,0.26591533886111357,2,Prepaid,154.56,0.0,beauty,1,60,1,1,44,0,0,0.137,0,0.045
ORD000572,PIN0232,0.2018970243353363,2,Prepaid,383.42,13.2,apparel,0,62,1,1,102,1,0,0.129,1,0.032
ORD000573,PIN0286,0.36801653511359517,3,Prepaid,1339.95,14.1,apparel,1,69,0,1,13,0,0,0.269,0,0.21
ORD000574,PIN0185,0.1994521638100538,2,Prepaid,1009.35,13.6,apparel,0,47,0,1,110,0,0,0.132,0,0.05
ORD000575,PIN0096,0.08766139781561612,2,Prepaid,518.61,0.0,home,0,25,0,1,7,0,0,0.113,0,0.051
ORD000576,PIN0297,0.37085986126357623,1,Prepaid,970.59,0.8,electronics,0,37,1,1,54,1,0,0.233,0,0.048
ORD000577,PIN0276,0.2879002600445968,2,COD,656.68,26.5,apparel,0,73,1,1,545,5,1,0.273,1,0.381
ORD000578,PIN0040,0.37739358518775873,2,COD,1580.02,31.6,footwear,0,27,0,0,147,3,1,0.245,1,0.804
ORD000579,PIN0110,0.3357736090153051,3,COD,412.58,10.0,home,0,55,1,1,16,0,0,0.223,1,0.453
ORD000580,PIN0132,0.24870174259221878,1,COD,1201.95,3.8,footwear,0,61,1,1,113,2,1,0.298,1,0.288
ORD000581,PIN0265,0.05224771045445513,3,COD,1240.28,0.0,home,1,57,1,1,56,1,0,0.098,0,0.19
ORD000582,PIN0124,0.18938844288077764,1,Prepaid,1033.9,26.3,footwear,0,63,1,1,22,2,0,0.155,0,0.069
ORD000583,PIN0218,0.16948565982455668,1,COD,1446.8,27.0,apparel,0,44,0,1,288,5,1,0.116,0,0.347
ORD000584,PIN0074,0.38386906035223406,3,Prepaid,962.15,0.0,apparel,0,42,1,1,588,9,3,0.309,0,0.056
ORD000585,PIN0149,0.03702292684201334,2,COD,1772.83,0.0,apparel,1,81,0,1,304,5,0,0.055,0,0.243
ORD000586,PIN0246,0.04499326698297448,3,COD,1033.21,16.6,apparel,0,84,0,1,96,1,0,0.044,0,0.223
ORD000587,PIN0166,0.31626333508388804,3,COD,2435.33,18.2,footwear,0,73,0,1,28,0,0,0.214,1,0.58
ORD000588,PIN0293,0.4388590532716878,3,COD,1197.21,9.3,beauty,1,55,0,1,303,7,2,0.252,1,0.594
ORD000589,PIN0043,0.037347311003300854,1,COD,2331.48,14.6,apparel,0,33,0,1,164,3,0,0.052,0,0.217
ORD000590,PIN0103,0.14686359912766067,3,COD,667.6,12.0,apparel,1,47,1,0,537,4,0,0.094,0,0.544
ORD000591,PIN0033,0.04435552253412907,2,COD,458.01,15.3,home,1,42,1,1,445,11,2,0.143,0,0.244
ORD000592,PIN0095,0.6712531848658078,2,COD,1763.53,4.2,electronics,0,67,1,1,240,4,2,0.398,1,0.58
ORD000593,PIN0199,0.2548041415909087,3,COD,1047.83,14.9,home,0,52,1,0,28,2,0,0.231,1,0.715
ORD000594,PIN0069,0.4466472261075709,1,COD,98.73,6.9,footwear,0,56,1,1,60,0,0,0.304,0,0.411
ORD000595,PIN0198,0.40458255867058707,2,COD,572.0,5.9,home,1,44,0,1,40,1,0,0.291,1,0.579
ORD000596,PIN0023,0.06168375369038355,1,COD,1344.74,0.0,apparel,1,5,0,1,61,0,0,0.059,0,0.481
ORD000597,PIN0214,0.6315101336444798,2,COD,979.09,12.9,beauty,0,71,1,0,972,15,6,0.37,1,0.821
ORD000598,PIN0106,0.16299644770966804,2,COD,550.22,24.6,beauty,0,43,1,1,15,0,0,0.09,0,0.348
ORD000599,PIN0039,0.17227556210050016,3,COD,1041.11,11.1,footwear,0,64,0,1,133,0,0,0.21,0,0.331
ORD000600,PIN0031,0.41967486187398545,2,Prepaid,1174.64,10.8,apparel,0,38,1,1,24,0,0,0.364,0,0.131
ORD000601,PIN0293,0.4388590532716878,3,Prepaid,203.51,30.1,home,0,77,0,1,307,9,3,0.312,0,0.149
ORD000602,PIN0038,0.1659381340634445,2,Prepaid,2287.79,27.3,beauty,1,34,1,1,483,10,2,0.161,0,0.057
ORD000603,PIN0184,0.2948675343213751,3,COD,2646.26,35.8,electronics,0,43,1,1,18,0,0,0.197,1,0.603
ORD000604,PIN0066,0.17989723194024237,1,COD,569.34,42.1,apparel,0,45,1,0,215,5,1,0.208,1,0.644
ORD000605,PIN0266,0.20105193051315587,2,COD,3580.25,15.7,apparel,0,14,0,0,447,6,1,0.14,1,0.862
ORD000606,PIN0016,0.10870802136456358,1,Prepaid,986.16,1.1,footwear,1,53,0,1,25,1,0,0.275,0,0.104
ORD000607,PIN0286,0.36801653511359517,3,Prepaid,626.53,8.7,apparel,0,61,1,0,338,13,3,0.267,1,0.17
ORD000608,PIN0187,0.029518437279599245,3,Prepaid,610.52,21.9,electronics,0,53,1,1,53,0,0,0.076,0,0.022
ORD000609,PIN0053,0.25942751057307656,3,Prepaid,3423.18,32.3,electronics,1,91,1,1,20,0,0,0.206,0,0.179
ORD000610,PIN0121,0.1678902033753326,1,COD,420.4,2.4,apparel,1,27,0,1,199,3,1,0.255,0,0.406
ORD000611,PIN0240,0.12395838000505166,1,Prepaid,1193.54,18.1,home,0,10,0,1,91,1,0,0.09,0,0.104
ORD000612,PIN0243,0.11429433278022987,2,Prepaid,1303.73,5.5,apparel,0,21,1,1,34,1,0,0.337,0,0.088
ORD000613,PIN0174,0.3104143033084286,1,COD,1771.92,13.2,beauty,0,46,0,1,21,0,0,0.254,1,0.575
ORD000614,PIN0155,0.06950314701364126,3,Prepaid,1122.65,13.1,apparel,0,68,0,1,15,0,0,0.131,0,0.062
ORD000615,PIN0161,0.13247688971241237,1,COD,3259.72,19.6,electronics,1,48,1,1,558,12,1,0.089,1,0.349
ORD000616,PIN0068,0.10820352955491426,2,Prepaid,3673.23,39.4,beauty,0,35,1,1,20,0,0,0.085,0,0.083
ORD000617,PIN0039,0.17227556210050016,3,Prepaid,2773.68,20.7,footwear,0,74,1,1,4,0,0,0.095,0,0.074
ORD000618,PIN0033,0.04435552253412907,2,COD,1399.89,9.8,apparel,0,42,1,1,656,15,1,0.062,0,0.146
ORD000619,PIN0270,0.05871297016687864,3,Prepaid,2033.99,7.9,apparel,1,17,0,1,88,2,0,0.174,0,0.127
ORD000620,PIN0077,0.1899019233140115,1,COD,830.79,12.7,apparel,1,64,1,1,222,3,1,0.248,1,0.351
ORD000621,PIN0061,0.017546598413318317,2,Prepaid,2345.88,4.5,apparel,1,57,1,1,89,1,0,0.11,0,0.026
ORD000622,PIN0036,0.08284178114735373,3,Prepaid,658.1,16.7,electronics,0,49,0,1,546,10,1,0.129,0,0.04
ORD000623,PIN0268,0.04836706407883637,2,Prepaid,487.97,0.0,footwear,0,77,0,1,676,7,1,0.129,0,0.028
ORD000624,PIN0282,0.1658490060269755,3,Prepaid,475.58,12.5,electronics,0,42,0,1,1,0,0,0.159,0,0.08
ORD000625,PIN0250,0.1327130862470537,1,COD,1608.8,13.4,apparel,0,50,1,1,281,6,1,0.089,0,0.192
ORD000626,PIN0012,0.3248824103770745,1,COD,2996.85,1.1,footwear,0,25,1,1,241,4,1,0.198,0,0.347
ORD000627,PIN0233,0.1714469140567701,2,COD,3157.86,10.4,home,0,30,1,1,451,7,1,0.184,1,0.294
ORD000628,PIN0281,0.08231136897158131,2,COD,108.67,28.4,electronics,0,35,1,1,71,1,0,0.174,0,0.241
ORD000629,PIN0229,0.08567069914876634,3,COD,2121.09,29.3,home,1,58,1,1,360,7,1,0.118,0,0.3
ORD000630,PIN0169,0.049707931382895566,2,COD,458.7,8.6,beauty,0,31,1,1,612,15,1,0.085,0,0.151
ORD000631,PIN0107,0.1562149940849948,3,COD,4637.16,21.3,footwear,1,43,1,1,68,2,0,0.23,1,0.436
ORD000632,PIN0055,0.14581959327557492,2,COD,331.32,0.0,apparel,0,40,0,1,355,8,1,0.13,1,0.248
ORD000633,PIN0055,0.14581959327557492,2,Prepaid,208.21,11.4,beauty,1,43,1,1,177,5,1,0.103,0,0.038
ORD000634,PIN0143,0.30134916635767295,3,COD,2151.12,17.8,home,0,29,1,1,31,2,1,0.285,1,0.361
ORD000635,PIN0296,0.18053002044469238,2,Prepaid,790.38,33.3,footwear,0,40,1,1,1224,20,4,0.221,0,0.05
ORD000636,PIN0070,0.15029321287037345,2,COD,752.84,29.3,beauty,0,21,0,1,32,1,0,0.139,0,0.597
ORD000637,PIN0178,0.056718874516770906,3,COD,561.56,17.5,apparel,1,44,0,1,10,0,0,0.051,1,0.436
ORD000638,PIN0160,0.14888643303934485,3,COD,647.44,4.1,footwear,0,44,0,1,125,6,1,0.221,1,0.299
ORD000639,PIN0218,0.16948565982455668,1,COD,2216.65,31.3,electronics,0,46,0,1,763,13,3,0.213,1,0.409
ORD000640,PIN0276,0.2879002600445968,2,COD,474.18,10.9,electronics,1,56,1,1,347,5,2,0.333,0,0.441
ORD000641,PIN0038,0.1659381340634445,2,COD,956.64,20.4,apparel,0,81,1,1,218,7,2,0.225,0,0.274
ORD000642,PIN0208,0.13765125001234177,3,COD,429.54,13.5,footwear,1,11,1,1,177,2,0,0.118,1,0.502
ORD000643,PIN0089,0.22910754448601503,2,COD,1159.5,38.9,beauty,1,37,1,1,20,0,0,0.176,0,0.58
ORD000644,PIN0275,0.14779913792267438,3,Prepaid,742.52,7.7,footwear,0,26,0,1,99,2,0,0.121,0,0.039
ORD000645,PIN0064,0.13292062134901952,2,COD,1511.19,26.0,beauty,1,51,0,1,52,0,0,0.117,1,0.413
ORD000646,PIN0042,0.1286804329749095,2,Prepaid,1656.99,14.0,apparel,0,59,0,1,233,2,0,0.11,1,0.041
ORD000647,PIN0097,0.08350735734777998,1,COD,3030.96,21.8,home,1,20,1,1,68,0,0,0.141,0,0.596
ORD000648,PIN0001,0.19426107661547698,1,Prepaid,4439.51,34.4,apparel,0,51,0,1,5,0,0,0.173,0,0.16
ORD000649,PIN0089,0.22910754448601503,2,Prepaid,613.08,0.0,apparel,1,62,0,1,133,0,0,0.143,0,0.063
ORD000650,PIN0038,0.1659381340634445,2,Prepaid,1795.53,14.2,footwear,0,53,1,1,115,4,1,0.147,0,0.031
ORD000651,PIN0018,0.2210946797093708,3,Prepaid,731.71,4.3,footwear,0,38,1,0,329,8,1,0.127,0,0.092
ORD000652,PIN0295,0.039989515935606415,2,COD,1622.23,20.3,home,1,58,1,1,283,6,1,0.181,1,0.272
ORD000653,PIN0127,0.4135814221350584,2,COD,1572.86,23.3,apparel,0,39,0,1,10,0,0,0.351,0,0.713
ORD000654,PIN0271,0.10856135559503235,2,COD,1537.54,9.4,home,0,63,0,1,651,9,1,0.122,1,0.258
ORD000655,PIN0293,0.4388590532716878,3,Prepaid,1894.6,8.7,beauty,1,52,0,1,706,13,3,0.269,1,0.142
ORD000656,PIN0164,0.05853294876169379,1,Prepaid,1216.13,17.4,electronics,1,41,1,1,208,5,1,0.161,0,0.038
ORD000657,PIN0127,0.4135814221350584,2,COD,793.03,0.0,electronics,0,19,1,1,124,2,1,0.274,0,0.593
ORD000658,PIN0238,0.19595485581764938,1,Prepaid,1169.67,19.0,electronics,0,45,1,1,123,3,1,0.187,0,0.039
ORD000659,PIN0257,0.41431705315609935,3,COD,4221.83,5.2,apparel,0,23,1,1,136,1,0,0.251,1,0.679
ORD000660,PIN0032,0.1125112445860934,3,Prepaid,673.62,23.8,beauty,0,23,1,1,318,5,1,0.186,0,0.088
ORD000661,PIN0158,0.26324195978453147,1,Prepaid,845.11,0.0,apparel,1,38,0,1,464,11,3,0.251,0,0.083
ORD000662,PIN0007,0.10282236469347789,1,COD,572.99,8.2,footwear,0,43,1,1,484,4,1,0.167,0,0.191
ORD000663,PIN0112,0.24386188263641523,2,Prepaid,166.12,6.0,footwear,0,21,1,1,103,0,0,0.226,0,0.097
ORD000664,PIN0050,0.3528860025129336,2,Prepaid,1025.47,11.4,electronics,0,41,1,1,214,2,1,0.306,1,0.062
ORD000665,PIN0178,0.056718874516770906,3,COD,1701.97,31.5,footwear,0,40,0,1,175,2,0,0.159,1,0.322
ORD000666,PIN0160,0.14888643303934485,3,COD,493.37,25.2,home,0,33,1,1,246,3,0,0.15,0,0.253
ORD000667,PIN0299,0.25128662396021834,2,COD,2720.36,9.2,footwear,0,39,1,1,226,2,0,0.141,1,0.312
ORD000668,PIN0197,0.18829990136395383,3,Prepaid,1477.97,9.2,footwear,0,57,1,1,14,0,0,0.136,0,0.051
ORD000669,PIN0001,0.19426107661547698,1,COD,2230.92,25.6,apparel,0,37,1,1,203,3,1,0.184,0,0.289
ORD000670,PIN0097,0.08350735734777998,1,Prepaid,1377.56,1.0,footwear,1,56,0,0,574,12,2,0.138,1,0.138
ORD000671,PIN0179,0.09543333500337425,3,Prepaid,953.0,15.3,apparel,0,43,1,1,293,7,1,0.155,0,0.027
ORD000672,PIN0030,0.16141970430743355,2,COD,808.14,7.7,footwear,0,65,1,1,459,4,1,0.27,0,0.249
ORD000673,PIN0082,0.22315030234183808,1,COD,1335.17,12.9,beauty,1,61,1,1,220,2,1,0.289,0,0.39
ORD000674,PIN0177,0.06227004072474524,3,Prepaid,1425.33,24.7,home,0,40,1,1,100,3,0,0.055,0,0.024
ORD000675,PIN0223,0.05020633497131692,2,Prepaid,715.16,7.0,apparel,1,31,0,1,34,1,0,0.059,0,0.04
ORD000676,PIN0253,0.21270011367388433,2,COD,934.27,26.7,apparel,0,54,0,1,284,6,1,0.191,1,0.405
ORD000677,PIN0018,0.2210946797093708,3,COD,3691.12,41.4,apparel,0,34,0,1,229,4,1,0.158,0,0.536
ORD000678,PIN0174,0.3104143033084286,1,COD,1186.08,22.2,apparel,0,13,0,1,137,4,1,0.196,1,0.685
ORD000679,PIN0172,0.1792836304796501,2,Prepaid,1278.64,14.0,electronics,1,59,1,1,108,3,0,0.151,0,0.047
ORD000680,PIN0219,0.1075270431373715,3,COD,3108.45,28.9,apparel,0,32,1,1,22,0,0,0.081,0,0.406
ORD000681,PIN0137,0.22319119485139746,1,Prepaid,1439.06,1.7,footwear,0,5,0,1,16,1,0,0.198,0,0.195
ORD000682,PIN0077,0.1899019233140115,1,COD,1075.37,33.3,footwear,0,43,0,1,314,8,1,0.153,1,0.4
ORD000683,PIN0151,0.11454454166446207,2,Prepaid,2187.11,6.0,beauty,1,63,1,1,10,0,0,0.131,0,0.058
ORD000684,PIN0095,0.6712531848658078,2,COD,1855.88,41.0,footwear,0,33,1,1,628,8,3,0.383,1,0.711
ORD000685,PIN0243,0.11429433278022987,2,COD,1302.71,6.4,beauty,0,38,1,1,274,4,0,0.105,0,0.173
ORD000686,PIN0187,0.029518437279599245,3,Prepaid,1386.59,22.9,footwear,0,54,0,1,138,3,0,0.046,0,0.033
ORD000687,PIN0229,0.08567069914876634,3,Prepaid,865.64,0.0,home,0,35,1,1,742,16,3,0.218,0,0.024
ORD000688,PIN0125,0.16208424984251227,2,COD,401.14,12.4,home,1,42,1,1,911,18,4,0.234,1,0.329
ORD000689,PIN0064,0.13292062134901952,2,COD,1670.63,2.0,apparel,0,62,1,1,389,10,1,0.097,1,0.166
ORD000690,PIN0129,0.04271815136040225,2,COD,264.26,0.0,home,0,58,1,1,78,0,0,0.122,0,0.14
ORD000691,PIN0084,0.3366089221382588,2,COD,417.9,29.5,home,1,49,1,1,53,1,0,0.311,0,0.536
ORD000692,PIN0233,0.1714469140567701,2,COD,924.45,0.3,apparel,1,11,1,1,177,3,1,0.213,1,0.515
ORD000693,PIN0068,0.10820352955491426,2,Prepaid,852.24,6.2,apparel,1,56,1,0,170,5,1,0.14,0,0.107
ORD000694,PIN0054,0.2536131832355048,3,COD,1800.06,4.8,footwear,0,37,1,1,17,0,0,0.305,1,0.423
ORD000695,PIN0025,0.18879443382778816,3,Prepaid,2136.15,28.7,footwear,0,54,1,1,215,4,1,0.135,0,0.041
ORD000696,PIN0250,0.1327130862470537,1,COD,4040.01,27.2,beauty,1,14,0,1,33,0,0,0.179,1,0.752
ORD000697,PIN0056,0.09526888086892404,2,COD,223.31,30.2,apparel,0,63,0,1,201,2,0,0.106,0,0.314
ORD000698,PIN0092,0.048514119952498914,3,Prepaid,1531.8,5.6,electronics,0,28,1,1,122,2,0,0.044,0,0.02
ORD000699,PIN0264,0.06150720406271427,2,COD,1487.03,31.2,apparel,1,53,1,0,135,6,1,0.188,1,0.616
ORD000700,PIN0174,0.3104143033084286,1,Prepaid,1354.85,5.5,footwear,0,63,1,1,655,15,4,0.276,0,0.049
ORD000701,PIN0011,0.23995645601446844,2,COD,1670.1,5.9,apparel,1,52,0,1,158,1,0,0.234,0,0.452
ORD000702,PIN0136,0.02334406143818844,1,Prepaid,1925.17,6.6,apparel,1,52,0,1,41,1,0,0.059,0,0.037
ORD000703,PIN0151,0.11454454166446207,2,Prepaid,2778.44,7.1,beauty,0,46,1,1,261,8,1,0.151,0,0.034
ORD000704,PIN0217,0.08454080558982856,2,Prepaid,1384.99,13.9,home,1,20,0,1,43,0,0,0.179,0,0.147
ORD000705,PIN0210,0.31081627181481286,1,COD,3355.32,4.9,footwear,1,71,1,1,256,4,1,0.172,1,0.433
ORD000706,PIN0005,0.3672067173505017,1,COD,1392.4,17.8,electronics,1,66,1,1,1585,20,4,0.214,0,0.458
ORD000707,PIN0170,0.3311683196889837,1,COD,760.66,0.0,apparel,0,37,0,1,936,10,2,0.192,0,0.369
ORD000708,PIN0021,0.11081589624148036,1,COD,1301.69,17.7,apparel,0,5,1,1,119,2,0,0.164,1,0.43
ORD000709,PIN0117,0.06430148336763013,2,COD,532.89,1.9,home,0,65,1,1,38,0,0,0.095,0,0.144
ORD000710,PIN0073,0.15856417771242562,3,COD,557.39,7.0,apparel,1,8,1,1,22,2,0,0.083,1,0.606
ORD000711,PIN0146,0.36719789136152997,3,COD,986.7,7.3,home,0,55,1,1,185,4,1,0.307,0,0.368
ORD000712,PIN0151,0.11454454166446207,2,COD,879.92,26.3,electronics,0,30,1,1,159,3,0,0.102,1,0.224
ORD000713,PIN0045,0.11778983919317748,1,COD,2726.35,21.1,electronics,0,54,1,1,6,0,0,0.118,0,0.399
ORD000714,PIN0052,0.28899282241905344,2,COD,977.07,13.0,apparel,0,24,1,1,115,2,0,0.181,0,0.526
ORD000715,PIN0182,0.14478787604400445,3,COD,467.17,6.4,footwear,1,45,0,0,20,0,0,0.098,1,0.746
ORD000716,PIN0168,0.09176533396817868,2,Prepaid,1127.42,24.4,home,1,10,1,1,15,0,0,0.121,0,0.172
ORD000717,PIN0241,0.11293552913952268,1,COD,1382.28,36.5,beauty,0,45,1,1,264,3,0,0.1,0,0.253
ORD000718,PIN0278,0.07557933624203365,3,COD,1219.98,14.7,electronics,0,44,0,1,67,2,0,0.073,0,0.241
ORD000719,PIN0002,0.2817196880794777,2,COD,446.34,0.0,electronics,1,59,1,1,4,0,0,0.205,0,0.466
ORD000720,PIN0214,0.6315101336444798,2,Prepaid,2927.61,6.6,electronics,0,35,1,1,196,7,3,0.376,0,0.162
ORD000721,PIN0257,0.41431705315609935,3,COD,197.01,21.7,footwear,0,50,1,1,78,0,0,0.245,1,0.423
ORD000722,PIN0072,0.06701772614308195,1,Prepaid,1206.05,9.7,electronics,0,37,1,1,359,10,3,0.256,0,0.028
ORD000723,PIN0215,0.10605263267725348,3,Prepaid,432.85,4.7,apparel,0,54,1,1,32,0,0,0.094,0,0.021
ORD000724,PIN0077,0.1899019233140115,1,COD,2274.94,4.2,footwear,0,52,0,1,213,3,1,0.239,0,0.328
ORD000725,PIN0048,0.05953686130987361,2,Prepaid,1536.67,16.1,beauty,0,62,0,1,126,2,0,0.141,0,0.038
ORD000726,PIN0256,0.1279375750248723,2,Prepaid,1382.23,0.0,apparel,0,21,1,1,17,0,0,0.154,0,0.099
ORD000727,PIN0042,0.1286804329749095,2,COD,919.63,14.6,apparel,0,43,0,1,540,15,3,0.177,1,0.307
ORD000728,PIN0295,0.039989515935606415,2,COD,2756.73,16.1,electronics,0,50,1,1,403,14,1,0.078,0,0.212
ORD000729,PIN0003,0.21173917998291497,1,Prepaid,917.8,9.6,beauty,0,81,1,1,256,6,1,0.159,0,0.033
ORD000730,PIN0299,0.25128662396021834,2,Prepaid,3554.48,2.5,footwear,0,84,1,1,134,4,1,0.323,0,0.061
ORD000731,PIN0053,0.25942751057307656,3,COD,543.38,27.2,apparel,1,17,1,1,109,4,1,0.229,0,0.679
ORD000732,PIN0187,0.029518437279599245,3,COD,1133.29,0.0,electronics,0,32,1,1,393,1,0,0.057,0,0.122
ORD000733,PIN0091,0.14455891564261608,1,Prepaid,1888.58,17.1,apparel,1,5,0,0,166,1,0,0.144,0,0.397
ORD000734,PIN0261,0.3559963391748867,2,COD,1613.48,23.7,electronics,1,88,1,1,76,0,0,0.24,0,0.489
ORD000735,PIN0026,0.06540982224658476,3,Prepaid,1066.51,16.9,home,0,51,1,1,592,8,1,0.12,0,0.025
ORD000736,PIN0031,0.41967486187398545,2,COD,227.28,29.8,apparel,1,56,0,1,40,0,0,0.341,1,0.7
ORD000737,PIN0011,0.23995645601446844,2,Prepaid,1268.11,1.4,footwear,0,38,1,1,185,1,0,0.304,0,0.041
ORD000738,PIN0182,0.14478787604400445,3,Prepaid,832.26,5.5,apparel,0,44,1,1,172,5,1,0.199,0,0.029
ORD000739,PIN0129,0.04271815136040225,2,Prepaid,678.92,9.5,home,0,67,0,1,45,1,0,0.078,0,0.029
ORD000740,PIN0013,0.14022168513511157,2,Prepaid,1967.24,54.5,beauty,1,24,0,1,39,0,0,0.166,1,0.274
ORD000741,PIN0059,0.028176366197176325,2,Prepaid,178.45,21.1,beauty,0,22,0,1,93,0,0,0.058,0,0.083
ORD000742,PIN0209,0.12881420639621405,1,Prepaid,1096.74,23.3,footwear,1,40,1,1,340,3,0,0.081,0,0.042
ORD000743,PIN0136,0.02334406143818844,1,Prepaid,52.64,22.8,beauty,1,45,1,1,216,8,1,0.186,0,0.04
ORD000744,PIN0038,0.1659381340634445,2,COD,1622.38,15.9,home,0,56,1,1,562,7,1,0.134,0,0.226
ORD000745,PIN0005,0.3672067173505017,1,Prepaid,1981.68,27.6,beauty,0,45,1,1,133,3,1,0.252,0,0.075
ORD000746,PIN0084,0.3366089221382588,2,COD,1254.82,0.0,home,0,28,1,1,271,5,1,0.24,0,0.296
ORD000747,PIN0187,0.029518437279599245,3,Prepaid,769.64,18.3,apparel,0,37,1,1,3,0,0,0.075,0,0.036
ORD000748,PIN0031,0.41967486187398545,2,Prepaid,2729.36,20.1,beauty,0,48,0,1,46,1,0,0.319,0,0.167
ORD000749,PIN0007,0.10282236469347789,1,COD,2854.67,27.2,footwear,0,58,1,1,156,4,0,0.068,1,0.27
ORD000750,PIN0235,0.29986877685320723,2,COD,1435.22,1.1,home,0,64,0,1,192,4,1,0.171,1,0.346
ORD000751,PIN0160,0.14888643303934485,3,COD,3146.14,2.0,footwear,1,39,1,1,154,1,0,0.126,0,0.31
ORD000752,PIN0037,0.2736753601098101,2,Prepaid,542.4,2.8,footwear,1,30,1,0,663,7,1,0.158,0,0.149
ORD000753,PIN0175,0.16552802363041927,3,COD,1015.8,21.3,apparel,0,27,1,1,9,0,0,0.158,0,0.367
ORD000754,PIN0271,0.10856135559503235,2,COD,93.85,21.4,home,0,68,1,1,334,5,1,0.112,0,0.211
ORD000755,PIN0052,0.28899282241905344,2,Prepaid,404.82,3.6,footwear,0,36,0,1,93,4,1,0.246,1,0.065
ORD000756,PIN0197,0.18829990136395383,3,Prepaid,371.72,38.0,apparel,0,29,0,1,211,3,1,0.299,1,0.096
ORD000757,PIN0028,0.17457033883238962,3,COD,1615.23,18.4,apparel,1,48,0,1,201,5,1,0.12,1,0.409
ORD000758,PIN0275,0.14779913792267438,3,COD,431.66,16.5,apparel,0,77,1,1,112,5,1,0.119,0,0.215
ORD000759,PIN0273,0.04324480243644174,3,Prepaid,635.05,12.5,footwear,0,26,0,1,990,18,3,0.141,0,0.035
ORD000760,PIN0261,0.3559963391748867,2,Prepaid,705.15,26.2,footwear,0,56,0,1,219,2,0,0.232,0,0.103
ORD000761,PIN0237,0.21910981619663927,3,Prepaid,332.81,19.7,footwear,0,35,1,1,270,4,1,0.223,0,0.045
ORD000762,PIN0207,0.24185758785987585,3,COD,1183.64,37.7,electronics,1,47,1,1,218,3,0,0.149,1,0.433
ORD000763,PIN0254,0.07646704519158327,1,COD,1350.56,0.4,home,1,61,0,1,6,0,0,0.089,1,0.398
ORD000764,PIN0145,0.19822149193013747,2,COD,256.12,0.0,apparel,0,69,1,1,325,5,1,0.151,0,0.201
ORD000765,PIN0209,0.12881420639621405,1,Prepaid,1796.2,6.1,footwear,0,34,1,1,76,0,0,0.156,0,0.026
ORD000766,PIN0007,0.10282236469347789,1,COD,509.46,21.6,footwear,0,60,1,1,142,2,0,0.21,0,0.243
ORD000767,PIN0017,0.08527105426602015,3,COD,695.88,9.9,beauty,0,49,1,1,160,3,0,0.121,1,0.175
ORD000768,PIN0242,0.08228949497598309,2,Prepaid,1545.48,30.3,apparel,0,53,1,0,457,12,1,0.08,1,0.092
ORD000769,PIN0086,0.2321781775386277,1,Prepaid,701.11,10.3,footwear,0,69,0,1,42,1,0,0.17,0,0.055
ORD000770,PIN0007,0.10282236469347789,1,Prepaid,410.75,28.0,footwear,1,30,1,1,4,0,0,0.11,0,0.076
ORD000771,PIN0285,0.33672858512786896,1,COD,1131.72,5.0,footwear,1,60,1,1,223,4,1,0.316,1,0.438
ORD000772,PIN0183,0.021054208464102726,1,COD,2293.39,29.2,beauty,1,48,0,1,20,0,0,0.11,0,0.492
ORD000773,PIN0284,0.0998681851433615,1,COD,2103.26,31.4,apparel,1,68,0,1,49,0,0,0.079,1,0.397
ORD000774,PIN0043,0.037347311003300854,1,COD,646.51,8.2,electronics,0,53,1,1,13,0,0,0.069,0,0.223
ORD000775,PIN0055,0.14581959327557492,2,COD,476.85,20.9,electronics,0,41,1,1,48,0,0,0.117,0,0.226
ORD000776,PIN0232,0.2018970243353363,2,COD,568.76,18.2,footwear,1,62,1,1,277,8,2,0.194,0,0.354
ORD000777,PIN0261,0.3559963391748867,2,Prepaid,2118.96,21.2,apparel,0,33,1,1,384,6,1,0.209,0,0.061
ORD000778,PIN0191,0.4909142738276876,2,Prepaid,560.53,30.4,beauty,1,36,0,1,1,0,0,0.255,1,0.312
ORD000779,PIN0180,0.24279939684606877,3,Prepaid,3042.41,26.7,footwear,0,29,0,1,32,1,0,0.194,0,0.102
ORD000780,PIN0105,0.41334614884396115,1,COD,1531.28,21.2,apparel,0,32,0,0,17,0,0,0.273,1,0.874
ORD000781,PIN0226,0.2118414911064497,2,COD,1034.64,23.0,beauty,0,5,1,1,284,2,0,0.186,1,0.523
ORD000782,PIN0165,0.2880773070013004,2,COD,637.57,0.0,home,0,34,0,1,4,0,0,0.175,0,0.469
ORD000783,PIN0260,0.0909392930689977,3,COD,1143.55,14.5,beauty,0,43,0,1,257,4,0,0.099,0,0.257
ORD000784,PIN0299,0.25128662396021834,2,COD,408.32,1.8,beauty,0,60,1,1,691,10,2,0.222,0,0.253
ORD000785,PIN0139,0.20637671394889248,1,COD,264.83,14.8,home,1,26,1,1,361,7,1,0.153,0,0.326
ORD000786,PIN0029,0.47671536580943735,1,Prepaid,1541.92,28.4,apparel,0,34,0,1,595,13,4,0.294,0,0.153
ORD000787,PIN0178,0.056718874516770906,3,COD,1031.07,14.9,home,0,41,0,1,240,3,0,0.127,0,0.253
ORD000788,PIN0232,0.2018970243353363,2,Prepaid,1842.84,0.0,footwear,1,60,0,1,4,1,0,0.251,1,0.119
ORD000789,PIN0179,0.09543333500337425,3,COD,1318.25,2.4,apparel,1,48,0,1,147,3,0,0.156,0,0.32
ORD000790,PIN0170,0.3311683196889837,1,COD,628.73,22.0,apparel,0,52,0,1,465,8,2,0.233,1,0.477
ORD000791,PIN0125,0.16208424984251227,2,COD,2101.59,8.5,apparel,0,62,0,1,1,0,0,0.118,0,0.401
ORD000792,PIN0089,0.22910754448601503,2,COD,693.33,24.4,home,0,55,1,1,14,1,0,0.171,0,0.423
ORD000793,PIN0043,0.037347311003300854,1,COD,2518.95,0.5,electronics,0,32,1,1,215,2,0,0.101,1,0.178
ORD000794,PIN0254,0.07646704519158327,1,Prepaid,675.29,19.6,electronics,1,79,1,1,271,5,1,0.117,0,0.038
ORD000795,PIN0104,0.25616938553288543,3,COD,311.31,20.2,home,0,6,1,1,397,8,1,0.181,1,0.536
ORD000796,PIN0095,0.6712531848658078,2,COD,2832.06,24.5,beauty,1,62,1,0,4,0,0,0.4,1,0.9
ORD000797,PIN0284,0.0998681851433615,1,Prepaid,656.02,7.1,beauty,1,53,1,1,85,0,0,0.097,0,0.032
ORD000798,PIN0064,0.13292062134901952,2,COD,695.59,24.4,footwear,0,69,0,1,122,5,1,0.104,0,0.313
ORD000799,PIN0114,0.09429357946075165,2,Prepaid,325.09,33.1,electronics,0,40,0,1,69,2,0,0.115,0,0.051
ORD000800,PIN0214,0.6315101336444798,2,COD,966.29,0.0,footwear,1,35,1,0,1,0,0,0.513,1,0.9
ORD000801,PIN0254,0.07646704519158327,1,Prepaid,366.8,15.6,beauty,1,22,0,1,66,2,0,0.068,0,0.123
ORD000802,PIN0127,0.4135814221350584,2,COD,2720.53,0.0,electronics,0,23,0,1,153,3,1,0.236,1,0.745
ORD000803,PIN0010,0.10588038760562166,2,COD,784.49,4.7,apparel,0,41,0,1,726,9,2,0.184,0,0.265
ORD000804,PIN0031,0.41967486187398545,2,Prepaid,485.17,5.7,home,0,28,0,1,40,0,0,0.257,0,0.091
ORD000805,PIN0009,0.3673856466563359,3,Prepaid,1100.79,14.2,beauty,0,30,1,1,47,0,0,0.228,0,0.058
ORD000806,PIN0103,0.14686359912766067,3,COD,4372.59,19.5,footwear,0,23,1,1,164,0,0,0.193,0,0.555
ORD000807,PIN0134,0.16060864625339236,2,Prepaid,1139.33,25.9,beauty,0,65,0,1,130,5,1,0.147,0,0.057
ORD000808,PIN0158,0.26324195978453147,1,COD,874.37,18.2,footwear,0,30,1,1,441,9,2,0.24,0,0.322
ORD000809,PIN0146,0.36719789136152997,3,COD,1080.88,23.1,apparel,0,53,0,1,66,1,0,0.338,0,0.555
ORD000810,PIN0140,0.21265385060190026,3,COD,1908.82,2.1,home,0,42,1,1,160,2,0,0.13,0,0.206
ORD000811,PIN0074,0.38386906035223406,3,Prepaid,1788.31,27.7,electronics,0,51,1,1,41,1,0,0.329,0,0.089
ORD000812,PIN0213,0.38875728814876137,1,COD,1289.21,0.0,apparel,1,39,1,1,314,6,2,0.393,1,0.486
ORD000813,PIN0053,0.25942751057307656,3,Prepaid,2161.93,33.3,beauty,1,60,0,1,263,4,1,0.191,0,0.122
ORD000814,PIN0170,0.3311683196889837,1,COD,1127.78,31.2,apparel,0,57,1,1,113,1,0,0.203,1,0.392
ORD000815,PIN0134,0.16060864625339236,2,Prepaid,933.18,24.0,apparel,0,69,0,1,209,3,0,0.115,0,0.052
ORD000816,PIN0164,0.05853294876169379,1,Prepaid,1109.08,41.7,electronics,0,31,0,1,891,18,2,0.116,0,0.054
ORD000817,PIN0187,0.029518437279599245,3,COD,678.79,0.0,footwear,1,28,1,1,231,1,0,0.206,1,0.215
ORD000818,PIN0264,0.06150720406271427,2,COD,1937.37,24.4,footwear,0,37,1,1,136,4,1,0.144,0,0.211
ORD000819,PIN0018,0.2210946797093708,3,COD,651.64,16.6,footwear,0,47,0,0,32,1,0,0.207,1,0.671
ORD000820,PIN0106,0.16299644770966804,2,Prepaid,141.24,17.9,apparel,0,55,1,0,37,0,0,0.105,0,0.095
ORD000821,PIN0021,0.11081589624148036,1,COD,263.11,1.0,apparel,0,32,1,1,67,2,0,0.114,0,0.161
ORD000822,PIN0067,0.19354303656750937,3,COD,1386.72,19.7,apparel,0,48,1,0,27,0,0,0.171,1,0.676
ORD000823,PIN0014,0.1671477447440522,1,COD,563.44,19.2,home,1,41,0,1,724,14,1,0.103,1,0.399
ORD000824,PIN0020,0.20505061420655793,1,Prepaid,1818.18,6.7,footwear,0,39,0,0,214,5,1,0.234,1,0.163
ORD000825,PIN0265,0.05224771045445513,3,COD,1038.52,14.2,electronics,0,44,1,1,139,3,0,0.11,0,0.171
ORD000826,PIN0042,0.1286804329749095,2,COD,1927.27,0.0,beauty,1,75,1,1,368,7,1,0.102,0,0.221
ORD000827,PIN0276,0.2879002600445968,2,Prepaid,157.78,10.3,apparel,0,60,1,1,5,0,0,0.208,0,0.074
ORD000828,PIN0077,0.1899019233140115,1,COD,647.39,26.5,beauty,0,65,0,1,48,2,0,0.18,0,0.386
ORD000829,PIN0042,0.1286804329749095,2,Prepaid,471.02,26.8,footwear,0,52,0,1,66,0,0,0.184,0,0.057
ORD000830,PIN0291,0.059567133894519744,3,COD,4944.35,24.2,home,0,80,0,1,465,8,1,0.088,0,0.338
ORD000831,PIN0156,0.3125517351760875,2,COD,741.46,26.5,home,0,62,0,1,278,7,2,0.221,0,0.478
ORD000832,PIN0234,0.1283935139587208,2,Prepaid,259.06,26.7,electronics,1,16,1,1,367,8,1,0.178,0,0.132
ORD000833,PIN0085,0.059088667045030185,2,Prepaid,1367.67,7.3,electronics,0,59,0,1,22,1,0,0.125,0,0.054
ORD000834,PIN0034,0.39537657042824204,3,Prepaid,434.71,19.1,electronics,0,51,1,1,437,8,2,0.222,1,0.066
ORD000835,PIN0234,0.1283935139587208,2,COD,2068.71,28.0,footwear,0,57,1,1,202,2,0,0.12,1,0.241
ORD000836,PIN0220,0.4411853605605627,2,COD,2311.98,0.0,beauty,0,15,1,1,442,2,1,0.295,0,0.619
ORD000837,PIN0210,0.31081627181481286,1,COD,475.2,0.0,apparel,1,15,1,0,64,0,0,0.293,1,0.853
ORD000838,PIN0286,0.36801653511359517,3,COD,577.92,0.0,beauty,0,43,1,1,773,10,3,0.253,1,0.317
ORD000839,PIN0064,0.13292062134901952,2,COD,1275.31,0.0,apparel,0,9,0,1,695,13,2,0.161,0,0.478
ORD000840,PIN0205,0.14470001271385566,1,COD,2111.36,2.4,apparel,0,59,1,1,136,1,0,0.115,0,0.176
ORD000841,PIN0274,0.0909889174111655,2,COD,1385.89,8.7,apparel,1,47,0,1,14,0,0,0.249,1,0.518
ORD000842,PIN0166,0.31626333508388804,3,COD,742.46,33.1,footwear,0,83,0,1,223,5,1,0.17,1,0.483
ORD000843,PIN0244,0.13787685502575003,2,COD,313.24,9.8,apparel,0,52,1,1,369,7,2,0.229,0,0.23
ORD000844,PIN0180,0.24279939684606877,3,COD,3228.03,0.0,footwear,0,58,0,1,106,1,0,0.148,0,0.376
ORD000845,PIN0211,0.1136149651497779,1,Prepaid,1410.47,17.0,apparel,0,56,0,1,903,20,2,0.091,0,0.04
ORD000846,PIN0025,0.18879443382778816,3,Prepaid,3692.37,12.7,electronics,0,46,1,1,784,17,2,0.139,0,0.044
ORD000847,PIN0232,0.2018970243353363,2,COD,1560.14,5.6,footwear,0,47,1,1,32,0,0,0.195,0,0.233
ORD000848,PIN0069,0.4466472261075709,1,Prepaid,3373.62,7.9,apparel,0,43,1,0,186,1,0,0.237,0,0.243
ORD000849,PIN0031,0.41967486187398545,2,Prepaid,532.76,27.8,footwear,0,5,1,1,75,1,0,0.257,0,0.2
ORD000850,PIN0059,0.028176366197176325,2,COD,568.22,0.0,home,0,67,1,0,265,7,0,0.041,1,0.31
ORD000851,PIN0029,0.47671536580943735,1,COD,904.96,0.0,apparel,0,67,1,0,548,13,4,0.286,0,0.684
ORD000852,PIN0123,0.13287765724636655,3,COD,495.73,20.6,footwear,0,62,1,1,792,8,1,0.104,0,0.216
ORD000853,PIN0032,0.1125112445860934,3,COD,217.67,7.6,apparel,1,46,1,1,142,3,0,0.136,1,0.249
ORD000854,PIN0249,0.18175191628401088,2,Prepaid,621.01,33.6,apparel,0,42,1,0,69,1,0,0.152,1,0.136
ORD000855,PIN0200,0.08728917709623112,2,Prepaid,1544.26,13.1,footwear,0,22,1,0,38,0,0,0.073,0,0.17
ORD000856,PIN0068,0.10820352955491426,2,COD,351.72,13.8,apparel,1,19,1,1,483,7,1,0.107,0,0.48
ORD000857,PIN0038,0.1659381340634445,2,Prepaid,390.92,24.4,home,0,33,1,1,110,1,0,0.169,0,0.038
ORD000858,PIN0097,0.08350735734777998,1,COD,655.44,0.0,apparel,1,49,0,1,29,0,0,0.118,1,0.414
ORD000859,PIN0265,0.05224771045445513,3,Prepaid,447.06,19.1,footwear,0,52,0,1,172,4,0,0.095,0,0.036
ORD000860,PIN0276,0.2879002600445968,2,Prepaid,687.32,10.6,electronics,1,34,0,1,298,3,1,0.222,0,0.098
ORD000861,PIN0243,0.11429433278022987,2,COD,958.96,27.3,apparel,0,18,1,0,57,0,0,0.113,1,0.73
ORD000862,PIN0156,0.3125517351760875,2,COD,375.51,7.2,footwear,0,31,0,1,53,1,0,0.18,0,0.381
ORD000863,PIN0173,0.3718265525210354,1,Prepaid,668.37,17.1,home,0,42,0,1,161,4,1,0.192,0,0.087
ORD000864,PIN0092,0.048514119952498914,3,Prepaid,1027.66,10.7,home,0,13,0,0,37,0,0,0.106,0,0.229
ORD000865,PIN0004,0.300425211779927,1,COD,513.66,20.0,beauty,0,48,1,1,218,2,0,0.207,0,0.334
ORD000866,PIN0207,0.24185758785987585,3,COD,313.13,12.0,home,0,77,0,0,402,5,1,0.166,1,0.647
ORD000867,PIN0031,0.41967486187398545,2,COD,547.9,18.1,apparel,0,28,1,1,69,2,1,0.271,1,0.424
ORD000868,PIN0228,0.15044575363342055,2,Prepaid,777.39,36.0,beauty,0,87,1,1,632,11,1,0.11,0,0.04
ORD000869,PIN0076,0.3281745219329262,2,Prepaid,205.31,11.6,electronics,0,30,0,1,901,17,4,0.228,0,0.077
ORD000870,PIN0250,0.1327130862470537,1,Prepaid,1561.29,19.8,electronics,0,40,0,1,196,3,1,0.38,0,0.075
ORD000871,PIN0294,0.040004163438341296,1,Prepaid,811.81,42.4,apparel,1,54,1,1,58,0,0,0.064,0,0.045
ORD000872,PIN0083,0.20019172067931276,1,Prepaid,550.56,19.7,footwear,0,44,1,1,412,9,2,0.223,0,0.043
ORD000873,PIN0208,0.13765125001234177,3,Prepaid,242.58,0.0,apparel,1,11,1,1,405,4,1,0.127,0,0.083
ORD000874,PIN0074,0.38386906035223406,3,COD,1420.2,7.0,electronics,0,50,1,1,117,6,2,0.268,0,0.358
ORD000875,PIN0070,0.15029321287037345,2,Prepaid,2327.89,0.6,home,0,46,0,1,118,2,0,0.108,0,0.035
ORD000876,PIN0228,0.15044575363342055,2,COD,643.17,26.1,apparel,0,39,0,1,75,0,0,0.138,0,0.343
ORD000877,PIN0185,0.1994521638100538,2,COD,3478.47,13.9,apparel,0,46,1,1,56,1,0,0.241,1,0.345
ORD000878,PIN0286,0.36801653511359517,3,Prepaid,990.66,27.8,apparel,0,53,0,1,136,2,1,0.303,0,0.123
ORD000879,PIN0099,0.22455714953226596,3,Prepaid,1019.07,22.3,apparel,0,27,0,1,13,0,0,0.195,1,0.112
ORD000880,PIN0294,0.040004163438341296,1,Prepaid,1879.03,22.3,footwear,0,55,1,1,159,2,0,0.06,0,0.022
ORD000881,PIN0041,0.30527006649850924,2,COD,1474.63,0.3,beauty,1,32,1,1,177,4,1,0.245,1,0.367
ORD000882,PIN0176,0.22035230981956289,1,COD,349.43,21.1,electronics,0,75,0,1,1122,21,4,0.2,0,0.392
ORD000883,PIN0170,0.3311683196889837,1,COD,622.91,31.4,apparel,1,65,1,1,108,1,0,0.343,1,0.556
ORD000884,PIN0242,0.08228949497598309,2,COD,2106.87,0.0,beauty,0,25,1,0,293,4,1,0.131,0,0.38
ORD000885,PIN0150,0.20240653300047812,1,COD,1496.21,11.2,apparel,0,69,1,1,318,8,1,0.178,0,0.244
ORD000886,PIN0064,0.13292062134901952,2,COD,3499.76,19.3,apparel,0,53,1,1,137,2,0,0.167,1,0.298
ORD000887,PIN0189,0.43907579834176413,3,COD,1333.34,16.2,beauty,1,55,1,1,31,0,0,0.23,1,0.503
ORD000888,PIN0188,0.07732592795057032,3,Prepaid,1533.2,32.2,home,0,41,1,1,78,1,0,0.139,0,0.033
ORD000889,PIN0096,0.08766139781561612,2,COD,546.3,23.7,apparel,0,38,1,1,319,8,1,0.12,0,0.211
ORD000890,PIN0155,0.06950314701364126,3,COD,2303.28,19.9,apparel,0,39,0,1,105,2,0,0.06,0,0.249
ORD000891,PIN0256,0.1279375750248723,2,Prepaid,92.25,24.8,home,0,25,1,1,177,2,0,0.121,0,0.032
ORD000892,PIN0154,0.055144526164834035,1,COD,1157.75,24.2,apparel,0,7,1,1,210,6,1,0.154,1,0.418
ORD000893,PIN0276,0.2879002600445968,2,Prepaid,1566.33,15.5,apparel,1,32,1,1,81,0,0,0.177,0,0.065
ORD000894,PIN0250,0.1327130862470537,1,Prepaid,1269.04,10.7,footwear,0,32,1,1,33,1,0,0.159,0,0.028
ORD000895,PIN0026,0.06540982224658476,3,COD,997.05,26.9,apparel,0,23,0,1,219,4,0,0.062,0,0.499
ORD000896,PIN0274,0.0909889174111655,2,Prepaid,912.03,6.1,home,0,56,1,1,147,1,0,0.093,0,0.021
ORD000897,PIN0253,0.21270011367388433,2,Prepaid,1029.13,14.1,footwear,0,49,0,1,47,1,0,0.218,0,0.061
ORD000898,PIN0230,0.21027956975533948,2,Prepaid,403.68,1.1,apparel,0,33,1,1,5,0,0,0.315,0,0.066
ORD000899,PIN0117,0.06430148336763013,2,Prepaid,1264.23,23.8,electronics,1,38,0,1,73,1,0,0.159,0,0.065
ORD000900,PIN0062,0.031535551983626044,2,Prepaid,551.73,29.8,beauty,1,49,0,1,105,1,0,0.073,0,0.056
ORD000901,PIN0166,0.31626333508388804,3,Prepaid,643.64,3.8,apparel,0,30,1,1,82,0,0,0.195,0,0.041
ORD000902,PIN0151,0.11454454166446207,2,COD,361.71,13.2,apparel,1,5,0,1,168,4,1,0.128,0,0.6
ORD000903,PIN0068,0.10820352955491426,2,Prepaid,5663.48,9.2,footwear,0,68,1,1,267,5,1,0.123,0,0.033
ORD000904,PIN0197,0.18829990136395383,3,Prepaid,1199.28,27.9,apparel,1,42,1,1,53,0,0,0.158,0,0.06
ORD000905,PIN0189,0.43907579834176413,3,Prepaid,292.53,32.0,footwear,0,50,0,1,83,1,0,0.303,0,0.151
ORD000906,PIN0275,0.14779913792267438,3,Prepaid,1107.59,9.3,beauty,1,48,1,1,41,0,0,0.172,0,0.042
ORD000907,PIN0247,0.1845798232770183,2,COD,2285.65,0.0,beauty,1,16,1,1,97,0,0,0.217,0,0.523
ORD000908,PIN0164,0.05853294876169379,1,Prepaid,1253.86,28.8,electronics,0,31,0,1,250,6,1,0.098,0,0.043
ORD000909,PIN0273,0.04324480243644174,3,Prepaid,976.77,15.5,beauty,0,44,0,1,151,2,0,0.123,0,0.035
ORD000910,PIN0149,0.03702292684201334,2,COD,512.75,15.6,beauty,0,41,1,1,122,0,0,0.107,0,0.168
ORD000911,PIN0205,0.14470001271385566,1,COD,1255.39,26.6,electronics,0,22,1,0,329,5,1,0.151,1,0.756
ORD000912,PIN0243,0.11429433278022987,2,COD,1743.56,10.6,footwear,0,51,1,1,149,1,0,0.144,0,0.194
ORD000913,PIN0154,0.055144526164834035,1,COD,1756.96,7.4,footwear,0,56,1,1,22,0,0,0.125,1,0.249
ORD000914,PIN0241,0.11293552913952268,1,Prepaid,1169.12,10.7,apparel,0,37,1,1,478,10,2,0.192,0,0.029
ORD000915,PIN0008,0.21382156642365382,1,COD,1166.39,20.9,apparel,0,65,1,1,606,7,1,0.168,0,0.276
ORD000916,PIN0068,0.10820352955491426,2,COD,2547.32,25.5,footwear,0,55,0,1,107,2,0,0.104,0,0.378
ORD000917,PIN0082,0.22315030234183808,1,Prepaid,2367.48,34.6,apparel,0,52,0,1,73,2,0,0.22,0,0.085
ORD000918,PIN0213,0.38875728814876137,1,Prepaid,871.76,19.8,footwear,0,35,1,1,258,4,1,0.325,0,0.08
ORD000919,PIN0221,0.18271973881483156,3,Prepaid,3300.7,13.3,apparel,1,41,1,1,247,8,1,0.187,0,0.068
ORD000920,PIN0202,0.3777076233346446,1,Prepaid,297.85,25.6,apparel,1,61,0,0,85,1,0,0.329,1,0.417
ORD000921,PIN0089,0.22910754448601503,2,Prepaid,1208.52,3.3,apparel,1,16,1,1,303,7,2,0.282,0,0.14
ORD000922,PIN0279,0.16028322934219974,1,Prepaid,1300.28,32.0,apparel,1,17,0,1,58,1,0,0.113,0,0.197
ORD000923,PIN0269,0.16817721963481505,2,Prepaid,486.5,17.5,home,1,36,1,1,10,2,0,0.142,0,0.08
ORD000924,PIN0216,0.19203502063602926,2,COD,237.26,12.3,electronics,0,44,0,1,138,1,0,0.151,0,0.321
ORD000925,PIN0024,0.2513226518182671,3,Prepaid,496.28,3.4,footwear,0,43,1,1,128,4,1,0.313,0,0.044
ORD000926,PIN0249,0.18175191628401088,2,COD,1993.67,22.5,electronics,0,55,1,1,277,1,0,0.137,0,0.254
ORD000927,PIN0219,0.1075270431373715,3,COD,2034.51,11.6,home,0,49,1,0,232,3,0,0.161,1,0.456
ORD000928,PIN0121,0.1678902033753326,1,COD,1676.86,13.9,home,1,45,0,1,102,4,0,0.116,1,0.385
ORD000929,PIN0141,0.07604489038465068,2,Prepaid,560.24,0.0,apparel,0,38,1,1,290,9,1,0.153,0,0.02
ORD000930,PIN0006,0.2166683783904812,2,Prepaid,2052.19,9.8,footwear,0,61,0,1,139,2,0,0.215,1,0.057
ORD000931,PIN0002,0.2817196880794777,2,COD,594.61,8.2,electronics,0,69,1,1,497,7,1,0.179,0,0.272
ORD000932,PIN0234,0.1283935139587208,2,Prepaid,1263.85,20.0,beauty,0,39,0,1,163,3,1,0.198,0,0.053
ORD000933,PIN0156,0.3125517351760875,2,COD,1024.24,11.8,electronics,0,52,1,1,16,0,0,0.173,1,0.422
ORD000934,PIN0035,0.02618888133818163,1,Prepaid,751.55,0.0,electronics,0,39,0,1,464,5,0,0.064,0,0.023
ORD000935,PIN0205,0.14470001271385566,1,Prepaid,1618.44,10.0,apparel,0,20,0,1,303,9,1,0.126,0,0.103
ORD000936,PIN0174,0.3104143033084286,1,Prepaid,1851.98,0.0,apparel,1,11,1,1,425,13,4,0.313,0,0.166
ORD000937,PIN0078,0.1819352724912822,3,Prepaid,531.37,2.5,footwear,1,68,0,1,181,4,1,0.173,0,0.062
ORD000938,PIN0105,0.41334614884396115,1,COD,1071.27,27.0,footwear,0,60,1,1,13,0,0,0.3,1,0.606
ORD000939,PIN0219,0.1075270431373715,3,COD,1784.66,0.0,footwear,0,53,1,0,142,1,0,0.149,1,0.403
ORD000940,PIN0148,0.06319411057424783,2,Prepaid,44.51,18.5,home,0,64,1,1,758,13,0,0.035,0,0.021
ORD000941,PIN0151,0.11454454166446207,2,Prepaid,1389.92,8.9,home,1,28,1,1,80,2,0,0.196,0,0.041
ORD000942,PIN0199,0.2548041415909087,3,COD,1810.97,6.6,footwear,1,62,0,1,178,1,0,0.168,0,0.432
ORD000943,PIN0262,0.32304958607289985,3,COD,1435.76,3.2,beauty,0,51,1,1,421,6,1,0.249,0,0.304
ORD000944,PIN0277,0.19920035272973524,1,COD,1486.0,18.8,footwear,0,36,1,1,447,8,1,0.154,1,0.257
ORD000945,PIN0050,0.3528860025129336,2,COD,967.69,20.2,electronics,0,5,0,1,20,1,0,0.208,0,0.806
ORD000946,PIN0090,0.19046889692497532,2,COD,1724.37,0.0,beauty,0,16,1,1,14,0,0,0.16,1,0.54
ORD000947,PIN0009,0.3673856466563359,3,COD,339.82,28.8,electronics,0,79,1,0,153,0,0,0.337,1,0.747
ORD000948,PIN0105,0.41334614884396115,1,Prepaid,498.78,0.8,apparel,0,78,1,1,489,7,2,0.237,0,0.053
ORD000949,PIN0085,0.059088667045030185,2,COD,1467.58,19.7,apparel,1,16,0,1,354,4,0,0.102,1,0.581
ORD000950,PIN0033,0.04435552253412907,2,COD,1728.34,0.8,footwear,0,5,0,1,953,19,1,0.054,0,0.377
ORD000951,PIN0121,0.1678902033753326,1,COD,2295.82,9.5,beauty,0,71,1,1,774,11,2,0.146,0,0.213
ORD000952,PIN0033,0.04435552253412907,2,COD,2978.4,0.0,apparel,0,43,1,1,85,1,0,0.1,0,0.179
ORD000953,PIN0126,0.06754840772919254,2,Prepaid,566.98,8.7,footwear,0,30,1,1,565,8,1,0.08,0,0.02
ORD000954,PIN0007,0.10282236469347789,1,COD,396.85,12.6,footwear,0,20,0,1,50,2,0,0.145,1,0.504
ORD000955,PIN0027,0.2720036445368748,2,Prepaid,1961.92,1.2,home,0,20,1,1,59,0,0,0.254,0,0.101
ORD000956,PIN0296,0.18053002044469238,2,Prepaid,724.83,18.8,apparel,1,71,1,1,51,0,0,0.138,0,0.05
ORD000957,PIN0045,0.11778983919317748,1,COD,998.24,20.3,apparel,0,49,1,1,216,5,1,0.14,0,0.221
ORD000958,PIN0137,0.22319119485139746,1,Prepaid,1825.45,47.5,footwear,0,9,0,1,61,1,0,0.144,0,0.211
ORD000959,PIN0239,0.03046948595756026,3,Prepaid,1206.75,26.1,apparel,1,30,1,1,208,5,0,0.096,0,0.036
ORD000960,PIN0046,0.29996584020542727,1,COD,1686.2,29.1,apparel,0,76,1,1,117,3,1,0.288,0,0.406
ORD000961,PIN0121,0.1678902033753326,1,COD,521.06,0.0,apparel,1,51,0,1,150,2,0,0.104,0,0.327
ORD000962,PIN0058,0.26591533886111357,2,Prepaid,1312.06,0.0,home,1,17,1,1,163,2,0,0.181,0,0.121
ORD000963,PIN0021,0.11081589624148036,1,Prepaid,1292.01,11.4,electronics,0,32,0,1,23,0,0,0.237,0,0.08
ORD000964,PIN0256,0.1279375750248723,2,COD,2268.27,36.4,footwear,0,42,1,1,406,11,1,0.128,0,0.27
ORD000965,PIN0147,0.11813379126648295,2,Prepaid,2618.94,44.7,footwear,0,63,0,1,185,3,0,0.11,0,0.087
ORD000966,PIN0147,0.11813379126648295,2,COD,711.69,6.7,footwear,1,43,1,1,65,2,0,0.098,0,0.235
ORD000967,PIN0027,0.2720036445368748,2,Prepaid,441.57,8.0,apparel,0,72,1,1,41,2,0,0.169,0,0.038
ORD000968,PIN0097,0.08350735734777998,1,COD,1756.99,21.5,electronics,1,50,1,1,77,2,0,0.099,1,0.265
ORD000969,PIN0232,0.2018970243353363,2,COD,213.93,12.6,home,1,5,0,1,297,8,1,0.17,1,0.666
ORD000970,PIN0238,0.19595485581764938,1,Prepaid,1844.33,12.9,footwear,1,55,1,1,520,8,2,0.228,0,0.055
ORD000971,PIN0234,0.1283935139587208,2,Prepaid,1945.22,22.6,apparel,1,41,0,1,245,4,0,0.115,0,0.068
ORD000972,PIN0239,0.03046948595756026,3,Prepaid,665.5,47.6,apparel,1,34,1,1,83,1,0,0.072,0,0.049
ORD000973,PIN0195,0.37529746541575604,1,COD,61.8,30.7,beauty,1,52,0,1,3,0,0,0.242,1,0.752
ORD000974,PIN0291,0.059567133894519744,3,COD,2089.81,37.4,home,0,40,1,1,939,16,2,0.132,0,0.243
ORD000975,PIN0095,0.6712531848658078,2,Prepaid,2743.58,0.0,apparel,0,49,1,1,401,7,3,0.475,0,0.188
ORD000976,PIN0029,0.47671536580943735,1,Prepaid,2618.45,27.9,electronics,0,34,1,1,252,0,0,0.454,0,0.18
ORD000977,PIN0278,0.07557933624203365,3,COD,2676.28,3.6,electronics,0,33,0,1,187,4,0,0.096,1,0.278
ORD000978,PIN0247,0.1845798232770183,2,Prepaid,315.21,35.1,electronics,0,67,0,1,187,3,1,0.217,1,0.079
ORD000979,PIN0266,0.20105193051315587,2,COD,1095.81,31.3,apparel,1,47,0,1,63,0,0,0.209,0,0.521
ORD000980,PIN0298,0.23071903073603278,1,COD,1285.95,22.2,beauty,1,53,0,1,13,0,0,0.129,1,0.598
ORD000981,PIN0072,0.06701772614308195,1,COD,1146.18,6.1,apparel,0,33,1,0,59,1,0,0.11,0,0.385
ORD000982,PIN0031,0.41967486187398545,2,COD,1698.62,9.2,apparel,1,66,0,1,296,3,1,0.254,0,0.584
ORD000983,PIN0082,0.22315030234183808,1,COD,416.13,10.2,electronics,0,49,1,1,19,2,0,0.217,0,0.385
ORD000984,PIN0135,0.05321067711925716,1,Prepaid,207.34,24.1,apparel,0,38,1,1,484,8,1,0.072,0,0.024
ORD000985,PIN0215,0.10605263267725348,3,COD,140.9,19.8,home,1,70,1,1,70,1,0,0.239,0,0.328
ORD000986,PIN0136,0.02334406143818844,1,COD,2120.62,32.0,beauty,1,38,1,1,136,4,0,0.093,0,0.268
ORD000987,PIN0023,0.06168375369038355,1,COD,311.58,34.3,beauty,1,48,0,1,419,4,0,0.082,1,0.388
ORD000988,PIN0290,0.12660614737952092,2,COD,1140.54,4.9,apparel,0,20,1,1,646,16,3,0.179,0,0.395
ORD000989,PIN0251,0.1970314724318071,2,COD,639.59,20.7,apparel,0,32,1,1,24,0,0,0.266,1,0.435
ORD000990,PIN0131,0.37098212541580694,2,Prepaid,664.71,20.6,home,0,60,1,1,372,7,2,0.273,1,0.07
ORD000991,PIN0015,0.1612409751583916,2,COD,894.15,13.9,apparel,0,43,1,1,889,11,1,0.131,1,0.218
ORD000992,PIN0280,0.20881393589165134,1,Prepaid,689.42,26.3,apparel,1,46,0,1,15,0,0,0.175,0,0.155
ORD000993,PIN0062,0.031535551983626044,2,Prepaid,207.89,20.9,home,1,43,0,1,144,3,1,0.187,0,0.061
ORD000994,PIN0106,0.16299644770966804,2,COD,894.68,8.1,apparel,1,44,1,1,88,3,0,0.148,0,0.278
ORD000995,PIN0121,0.1678902033753326,1,Prepaid,531.12,13.3,electronics,0,34,0,1,7,0,0,0.115,0,0.075
ORD000996,PIN0026,0.06540982224658476,3,Prepaid,507.83,10.8,apparel,0,35,0,1,12,0,0,0.133,0,0.059
ORD000997,PIN0098,0.2377937294785135,1,Prepaid,3278.58,6.3,apparel,1,39,1,1,132,4,1,0.178,0,0.068
ORD000998,PIN0237,0.21910981619663927,3,Prepaid,264.11,14.0,footwear,1,39,1,1,182,2,0,0.211,0,0.058
ORD000999,PIN0047,0.43046780177870436,3,Prepaid,861.05,0.0,home,0,54,0,1,43,0,0,0.361,0,0.103
ORD001000,PIN0163,0.1177622618451269,3,Prepaid,1215.97,20.7,apparel,0,53,1,1,142,1,0,0.225,0,0.036
ORD001001,PIN0144,0.364923011242039,1,Prepaid,3281.0,31.8,apparel,1,71,1,1,24,0,0,0.235,0,0.228
ORD001002,PIN0215,0.10605263267725348,3,COD,375.59,15.6,electronics,0,58,1,1,404,8,1,0.169,0,0.213
ORD001003,PIN0239,0.03046948595756026,3,Prepaid,2526.4,26.4,beauty,0,27,1,0,288,1,0,0.085,1,0.105
ORD001004,PIN0185,0.1994521638100538,2,Prepaid,889.45,16.9,beauty,0,31,1,0,4,0,0,0.164,1,0.181
ORD001005,PIN0280,0.20881393589165134,1,Prepaid,915.68,2.7,apparel,1,63,1,1,22,0,0,0.142,0,0.07
ORD001006,PIN0280,0.20881393589165134,1,COD,1628.3,39.1,footwear,0,58,0,1,276,3,1,0.19,0,0.452
ORD001007,PIN0195,0.37529746541575604,1,COD,2798.38,0.0,footwear,0,65,0,1,11,0,0,0.275,1,0.649
ORD001008,PIN0073,0.15856417771242562,3,COD,684.91,15.1,home,0,44,0,1,192,1,0,0.109,0,0.295
ORD001009,PIN0174,0.3104143033084286,1,COD,1284.42,5.8,footwear,0,39,0,1,914,15,3,0.179,0,0.374
ORD001010,PIN0012,0.3248824103770745,1,COD,1156.57,34.0,apparel,0,51,1,1,273,4,1,0.188,0,0.392
ORD001011,PIN0128,0.5348421327697304,1,COD,1114.8,17.6,apparel,0,17,1,1,509,10,4,0.372,0,0.76
ORD001012,PIN0097,0.08350735734777998,1,COD,1831.32,45.7,apparel,1,41,0,1,84,2,0,0.086,1,0.449
ORD001013,PIN0226,0.2118414911064497,2,COD,564.53,15.4,apparel,1,84,1,1,3,0,0,0.151,0,0.461
ORD001014,PIN0139,0.20637671394889248,1,COD,765.99,5.9,apparel,1,38,0,1,267,8,1,0.108,0,0.372
ORD001015,PIN0280,0.20881393589165134,1,Prepaid,214.38,0.0,footwear,1,44,0,1,95,1,0,0.265,0,0.076
ORD001016,PIN0243,0.11429433278022987,2,COD,1537.39,28.3,footwear,0,40,0,0,236,4,1,0.129,0,0.62
ORD001017,PIN0054,0.2536131832355048,3,COD,1075.83,5.0,beauty,0,75,0,0,28,0,0,0.261,1,0.778
ORD001018,PIN0252,0.13392418026200584,1,COD,2751.31,10.0,home,0,21,1,1,5,1,0,0.186,1,0.639
ORD001019,PIN0175,0.16552802363041927,3,COD,367.6,29.7,apparel,0,58,0,0,25,0,0,0.114,1,0.761
ORD001020,PIN0296,0.18053002044469238,2,COD,3557.22,27.6,apparel,0,37,1,1,923,16,3,0.207,0,0.371
ORD001021,PIN0230,0.21027956975533948,2,Prepaid,1725.6,7.7,electronics,0,32,1,1,88,1,0,0.173,0,0.033
ORD001022,PIN0089,0.22910754448601503,2,Prepaid,1672.67,9.6,home,0,11,0,1,60,2,0,0.137,0,0.125
ORD001023,PIN0287,0.0980742982508405,1,COD,626.38,0.0,home,0,79,1,1,204,3,0,0.067,0,0.143
ORD001024,PIN0242,0.08228949497598309,2,Prepaid,830.35,0.0,beauty,0,59,1,1,452,14,2,0.171,0,0.021
ORD001025,PIN0033,0.04435552253412907,2,COD,721.48,24.2,footwear,0,18,1,1,101,2,0,0.208,0,0.438
ORD001026,PIN0009,0.3673856466563359,3,COD,2421.3,25.5,apparel,0,19,0,1,107,3,1,0.247,1,0.745
ORD001027,PIN0081,0.269057773400945,2,COD,178.67,19.3,apparel,0,32,1,1,60,2,1,0.322,1,0.366
ORD001028,PIN0079,0.33273636798380235,2,COD,930.06,17.2,apparel,0,54,1,1,24,0,0,0.238,0,0.488
ORD001029,PIN0175,0.16552802363041927,3,Prepaid,992.66,6.5,footwear,1,42,0,1,167,1,0,0.121,0,0.058
ORD001030,PIN0133,0.34050859772553177,2,Prepaid,700.4,32.6,electronics,1,26,1,1,126,2,0,0.188,0,0.096
ORD001031,PIN0187,0.029518437279599245,3,Prepaid,459.86,0.0,electronics,0,43,1,1,246,4,0,0.062,0,0.02
ORD001032,PIN0280,0.20881393589165134,1,COD,85.04,9.4,footwear,0,70,0,1,234,1,0,0.255,1,0.365
ORD001033,PIN0238,0.19595485581764938,1,Prepaid,942.19,16.9,electronics,0,56,1,1,14,0,0,0.127,0,0.057
ORD001034,PIN0079,0.33273636798380235,2,COD,1534.48,15.0,apparel,0,8,0,1,507,8,2,0.301,1,0.715
ORD001035,PIN0186,0.16987614693511896,2,COD,1076.82,15.0,apparel,0,23,1,1,160,2,0,0.174,0,0.459
ORD001036,PIN0063,0.08371105588997728,2,COD,460.33,8.8,electronics,0,42,0,1,387,4,1,0.131,0,0.248
ORD001037,PIN0083,0.20019172067931276,1,Prepaid,1000.69,21.5,home,0,47,0,1,140,6,1,0.121,0,0.055
ORD001038,PIN0216,0.19203502063602926,2,Prepaid,2773.77,0.4,footwear,0,71,0,0,61,0,0,0.139,1,0.164
ORD001039,PIN0210,0.31081627181481286,1,COD,586.47,13.3,apparel,1,44,1,1,29,0,0,0.179,1,0.526
ORD001040,PIN0120,0.1911328313344236,3,Prepaid,1198.82,20.2,home,0,55,0,1,320,4,0,0.107,0,0.052
ORD001041,PIN0206,0.12920022168358922,2,Prepaid,1327.74,11.0,apparel,0,5,1,1,87,1,0,0.25,0,0.085
ORD001042,PIN0116,0.19943366426208856,2,Prepaid,285.23,15.1,footwear,1,37,0,1,450,10,2,0.177,0,0.079
ORD001043,PIN0027,0.2720036445368748,2,COD,799.09,17.6,apparel,0,58,1,0,44,0,0,0.252,1,0.622
ORD001044,PIN0279,0.16028322934219974,1,Prepaid,806.82,0.0,apparel,0,82,0,1,180,3,0,0.156,0,0.038
ORD001045,PIN0069,0.4466472261075709,1,Prepaid,1044.46,0.0,electronics,0,18,1,1,117,3,1,0.275,0,0.149
ORD001046,PIN0279,0.16028322934219974,1,Prepaid,2365.94,16.6,footwear,1,41,0,1,327,0,0,0.259,0,0.086
ORD001047,PIN0295,0.039989515935606415,2,COD,354.73,7.7,apparel,1,9,1,1,73,3,0,0.082,0,0.402
ORD001048,PIN0066,0.17989723194024237,1,Prepaid,2467.47,8.4,apparel,0,40,1,0,86,1,0,0.148,0,0.093
ORD001049,PIN0106,0.16299644770966804,2,COD,1618.28,21.8,apparel,1,65,1,1,13,0,0,0.201,0,0.482
ORD001050,PIN0154,0.055144526164834035,1,Prepaid,3622.93,3.1,footwear,0,63,0,1,49,1,0,0.175,0,0.045
ORD001051,PIN0280,0.20881393589165134,1,COD,123.62,0.0,electronics,0,44,0,1,130,2,0,0.134,1,0.279
ORD001052,PIN0127,0.4135814221350584,2,COD,4960.91,34.9,footwear,0,39,1,1,16,1,0,0.253,0,0.69
ORD001053,PIN0087,0.40978203380181466,3,COD,272.63,29.5,apparel,1,97,1,1,182,3,1,0.243,0,0.546
ORD001054,PIN0257,0.41431705315609935,3,COD,491.09,29.4,electronics,0,40,1,1,7,1,0,0.313,1,0.622
ORD001055,PIN0173,0.3718265525210354,1,COD,495.2,1.6,electronics,0,33,0,1,4,0,0,0.289,0,0.582
ORD001056,PIN0239,0.03046948595756026,3,COD,1563.28,14.1,apparel,0,33,1,1,110,0,0,0.19,0,0.186
ORD001057,PIN0017,0.08527105426602015,3,COD,855.62,0.0,electronics,0,15,1,1,429,5,1,0.243,0,0.382
ORD001058,PIN0184,0.2948675343213751,3,COD,562.05,14.3,electronics,0,53,1,1,136,3,1,0.172,0,0.296
ORD001059,PIN0289,0.3429607414101108,1,Prepaid,3190.16,10.8,apparel,1,57,1,1,305,5,1,0.189,0,0.094
ORD001060,PIN0002,0.2817196880794777,2,Prepaid,98.84,2.1,electronics,0,57,0,1,4,0,0,0.177,1,0.091
ORD001061,PIN0083,0.20019172067931276,1,Prepaid,2063.2,21.0,beauty,0,60,0,1,64,1,0,0.267,0,0.072
ORD001062,PIN0055,0.14581959327557492,2,COD,974.67,11.9,electronics,0,33,1,1,378,7,1,0.202,0,0.23
ORD001063,PIN0007,0.10282236469347789,1,COD,553.29,35.7,electronics,0,41,1,1,1382,24,3,0.115,0,0.251
ORD001064,PIN0227,0.1964046074585869,3,Prepaid,613.97,16.0,footwear,0,68,1,1,290,5,1,0.243,0,0.042
ORD001065,PIN0159,0.04758322169027929,3,COD,787.14,0.0,beauty,1,35,0,0,95,2,0,0.048,1,0.522
ORD001066,PIN0198,0.40458255867058707,2,COD,501.22,0.0,beauty,0,33,1,1,199,5,1,0.229,0,0.326
ORD001067,PIN0092,0.048514119952498914,3,Prepaid,1840.07,40.1,apparel,0,64,1,1,34,2,0,0.131,0,0.035
ORD001068,PIN0215,0.10605263267725348,3,Prepaid,733.81,10.7,home,0,29,0,0,70,0,0,0.069,0,0.105
ORD001069,PIN0213,0.38875728814876137,1,COD,1656.94,17.9,apparel,1,22,0,1,775,9,2,0.222,1,0.791
ORD001070,PIN0074,0.38386906035223406,3,Prepaid,622.52,15.1,apparel,1,23,0,1,216,1,0,0.229,0,0.287
ORD001071,PIN0117,0.06430148336763013,2,COD,1183.08,32.0,electronics,1,99,0,1,103,0,0,0.141,0,0.408
ORD001072,PIN0142,0.16802011769598604,3,Prepaid,1182.71,0.0,footwear,0,65,0,1,156,3,0,0.119,0,0.036
ORD001073,PIN0056,0.09526888086892404,2,COD,1036.46,31.0,apparel,0,57,1,1,22,0,0,0.054,1,0.319
ORD001074,PIN0215,0.10605263267725348,3,COD,2520.97,30.1,electronics,0,26,1,1,270,5,1,0.169,0,0.323
ORD001075,PIN0001,0.19426107661547698,1,Prepaid,2694.84,15.1,apparel,0,54,0,1,1031,18,4,0.229,1,0.082
ORD001076,PIN0203,0.15412845945996423,1,COD,1772.01,20.0,apparel,0,78,0,0,323,6,1,0.165,0,0.628
ORD001077,PIN0239,0.03046948595756026,3,Prepaid,2183.18,10.6,electronics,1,52,1,1,46,1,0,0.088,0,0.028
ORD001078,PIN0146,0.36719789136152997,3,COD,1704.0,0.0,apparel,1,22,1,1,184,3,1,0.229,0,0.636
ORD001079,PIN0062,0.031535551983626044,2,Prepaid,690.63,22.0,footwear,0,55,0,1,88,2,0,0.138,0,0.039
ORD001080,PIN0284,0.0998681851433615,1,Prepaid,913.11,18.0,apparel,0,41,0,1,73,0,0,0.115,0,0.041
ORD001081,PIN0087,0.40978203380181466,3,COD,124.74,18.2,beauty,0,47,0,1,178,4,1,0.375,1,0.578
ORD001082,PIN0294,0.040004163438341296,1,Prepaid,430.29,20.8,apparel,0,25,0,1,8,0,0,0.233,0,0.078
ORD001083,PIN0148,0.06319411057424783,2,COD,274.61,7.7,apparel,0,29,1,1,66,0,0,0.192,0,0.183
ORD001084,PIN0097,0.08350735734777998,1,COD,548.89,32.9,electronics,0,35,0,1,82,2,0,0.136,0,0.331
ORD001085,PIN0179,0.09543333500337425,3,COD,1254.74,15.1,apparel,0,29,0,1,14,0,0,0.146,1,0.402
ORD001086,PIN0110,0.3357736090153051,3,Prepaid,669.43,21.5,apparel,0,43,0,1,54,0,0,0.187,0,0.085
ORD001087,PIN0059,0.028176366197176325,2,Prepaid,1902.85,11.7,apparel,0,31,1,1,393,7,1,0.144,0,0.022
ORD001088,PIN0014,0.1671477447440522,1,Prepaid,446.29,27.6,apparel,1,77,1,1,19,0,0,0.126,0,0.09
ORD001089,PIN0044,0.1133005032463249,2,Prepaid,1601.77,16.2,home,0,54,1,1,38,0,0,0.125,0,0.027
ORD001090,PIN0016,0.10870802136456358,1,Prepaid,410.08,14.0,footwear,1,60,1,0,78,0,0,0.142,0,0.12
ORD001091,PIN0192,0.18423061753085718,2,COD,2399.84,29.5,apparel,0,42,1,1,16,0,0,0.198,1,0.43
ORD001092,PIN0109,0.08188580156604809,1,Prepaid,445.4,0.0,apparel,0,5,1,1,157,2,0,0.175,1,0.056
ORD001093,PIN0251,0.1970314724318071,2,Prepaid,1435.63,11.6,apparel,0,61,0,1,57,2,1,0.252,0,0.06
ORD001094,PIN0010,0.10588038760562166,2,COD,562.96,7.6,home,1,42,1,1,173,3,1,0.199,0,0.269
ORD001095,PIN0045,0.11778983919317748,1,Prepaid,2973.04,19.5,apparel,0,53,1,1,34,0,0,0.131,0,0.041
ORD001096,PIN0216,0.19203502063602926,2,COD,2889.8,18.8,apparel,0,43,1,0,62,2,0,0.152,0,0.612
ORD001097,PIN0078,0.1819352724912822,3,COD,1400.18,14.9,beauty,0,5,1,1,67,0,0,0.179,1,0.468
ORD001098,PIN0103,0.14686359912766067,3,COD,1379.9,6.4,home,1,36,1,1,207,4,1,0.136,0,0.261
ORD001099,PIN0170,0.3311683196889837,1,COD,1804.65,14.7,electronics,0,28,1,1,558,15,3,0.203,0,0.329
ORD001100,PIN0192,0.18423061753085718,2,COD,1582.36,18.9,home,0,49,0,1,1056,18,3,0.164,1,0.346
ORD001101,PIN0261,0.3559963391748867,2,Prepaid,1978.55,12.9,apparel,1,54,1,1,493,8,2,0.211,0,0.077
ORD001102,PIN0090,0.19046889692497532,2,Prepaid,435.99,28.3,apparel,0,88,0,1,370,5,1,0.145,0,0.063
ORD001103,PIN0055,0.14581959327557492,2,COD,1036.67,22.3,beauty,1,54,1,1,63,0,0,0.184,0,0.334
ORD001104,PIN0298,0.23071903073603278,1,COD,600.31,15.2,home,0,33,0,0,147,3,1,0.227,0,0.679
ORD001105,PIN0276,0.2879002600445968,2,COD,2859.79,0.0,apparel,1,36,1,1,96,1,0,0.302,0,0.463
ORD001106,PIN0238,0.19595485581764938,1,COD,322.65,12.4,apparel,0,55,1,0,76,1,0,0.227,1,0.545
ORD001107,PIN0088,0.1692829165704169,3,Prepaid,3204.82,22.6,apparel,0,61,1,1,101,1,0,0.226,0,0.057
ORD001108,PIN0274,0.0909889174111655,2,COD,1051.17,11.6,footwear,0,20,1,1,36,1,0,0.078,0,0.354
ORD001109,PIN0092,0.048514119952498914,3,Prepaid,2000.04,18.6,apparel,0,40,1,1,175,3,0,0.122,0,0.024
ORD001110,PIN0211,0.1136149651497779,1,Prepaid,664.46,12.3,footwear,1,41,1,1,312,4,1,0.193,0,0.043
ORD001111,PIN0143,0.30134916635767295,3,Prepaid,295.66,17.8,footwear,0,12,1,1,617,12,3,0.24,0,0.134
ORD001112,PIN0017,0.08527105426602015,3,Prepaid,2783.21,31.8,beauty,0,59,1,1,246,4,0,0.119,0,0.045
ORD001113,PIN0189,0.43907579834176413,3,COD,1493.48,24.4,footwear,0,49,1,1,72,3,1,0.352,1,0.501
ORD001114,PIN0135,0.05321067711925716,1,Prepaid,352.86,0.0,apparel,1,41,1,1,210,5,1,0.106,0,0.026
ORD001115,PIN0055,0.14581959327557492,2,Prepaid,945.55,0.0,apparel,0,49,1,1,26,0,0,0.116,0,0.038
ORD001116,PIN0130,0.2313331139934696,2,Prepaid,889.51,20.3,electronics,0,58,1,1,591,5,1,0.288,0,0.052
ORD001117,PIN0132,0.24870174259221878,1,Prepaid,1455.71,29.0,home,1,83,0,1,338,6,1,0.208,0,0.115
ORD001118,PIN0016,0.10870802136456358,1,Prepaid,434.15,0.0,footwear,0,58,0,1,394,10,1,0.141,0,0.033
ORD001119,PIN0068,0.10820352955491426,2,Prepaid,344.98,12.5,electronics,0,22,1,1,31,1,0,0.126,0,0.066
ORD001120,PIN0286,0.36801653511359517,3,COD,1147.53,43.5,apparel,0,101,1,1,23,0,0,0.461,1,0.714
ORD001121,PIN0052,0.28899282241905344,2,Prepaid,458.43,11.8,apparel,0,22,0,1,242,8,2,0.257,1,0.179
ORD001122,PIN0187,0.029518437279599245,3,Prepaid,2842.7,45.3,electronics,0,52,0,1,24,0,0,0.149,0,0.127
ORD001123,PIN0242,0.08228949497598309,2,COD,1866.95,5.1,home,1,40,1,1,280,3,1,0.328,0,0.301
ORD001124,PIN0228,0.15044575363342055,2,Prepaid,1828.25,7.2,beauty,1,42,1,1,808,8,1,0.081,0,0.035
ORD001125,PIN0031,0.41967486187398545,2,COD,121.11,6.6,footwear,0,52,1,1,117,1,0,0.356,0,0.419
ORD001126,PIN0160,0.14888643303934485,3,Prepaid,687.59,0.0,apparel,0,54,0,1,577,12,2,0.181,0,0.039
ORD001127,PIN0005,0.3672067173505017,1,COD,811.96,0.0,beauty,0,72,1,1,138,3,1,0.291,1,0.333
ORD001128,PIN0289,0.3429607414101108,1,COD,392.8,12.3,apparel,0,31,1,1,61,1,0,0.265,0,0.354
ORD001129,PIN0128,0.5348421327697304,1,Prepaid,1586.6,16.7,beauty,0,52,0,1,296,8,2,0.3,0,0.148
ORD001130,PIN0265,0.05224771045445513,3,COD,1435.34,6.4,home,0,57,0,1,20,0,0,0.057,0,0.305
ORD001131,PIN0031,0.41967486187398545,2,COD,1775.95,9.3,beauty,0,92,1,1,191,0,0,0.228,0,0.369
ORD001132,PIN0038,0.1659381340634445,2,COD,2153.07,32.4,electronics,0,54,1,1,58,5,1,0.268,0,0.334
ORD001133,PIN0139,0.20637671394889248,1,COD,2077.63,26.7,apparel,0,21,1,1,176,4,1,0.143,1,0.514
ORD001134,PIN0171,0.15493771621588867,3,Prepaid,5238.99,11.9,footwear,0,72,0,1,218,3,1,0.227,1,0.071
ORD001135,PIN0263,0.16689791901383302,2,Prepaid,1010.56,20.2,beauty,0,36,1,1,52,1,0,0.096,0,0.031
ORD001136,PIN0112,0.24386188263641523,2,COD,878.64,0.0,footwear,0,27,1,1,140,5,1,0.242,1,0.252
ORD001137,PIN0096,0.08766139781561612,2,Prepaid,1571.66,18.2,apparel,0,71,0,1,139,0,0,0.167,0,0.044
ORD001138,PIN0152,0.17087336091455124,3,COD,2423.29,14.3,apparel,0,47,1,1,62,0,0,0.228,0,0.258
ORD001139,PIN0299,0.25128662396021834,2,Prepaid,209.72,10.5,electronics,1,41,1,1,323,4,1,0.301,0,0.069
ORD001140,PIN0179,0.09543333500337425,3,COD,518.96,15.4,beauty,1,78,1,1,90,1,0,0.102,0,0.252
ORD001141,PIN0266,0.20105193051315587,2,COD,631.85,13.5,electronics,1,34,0,1,72,1,0,0.21,1,0.448
ORD001142,PIN0094,0.2827977123570768,3,COD,1091.86,0.0,apparel,0,34,0,1,87,1,0,0.277,0,0.381
ORD001143,PIN0049,0.161172247730865,2,Prepaid,690.98,35.2,electronics,1,54,1,0,176,1,0,0.188,0,0.195
ORD001144,PIN0274,0.0909889174111655,2,COD,2176.77,26.4,electronics,0,5,1,1,26,0,0,0.141,1,0.579
ORD001145,PIN0124,0.18938844288077764,1,COD,1212.12,10.3,apparel,0,48,1,1,89,0,0,0.237,0,0.257
ORD001146,PIN0138,0.16554834211763325,2,Prepaid,936.77,0.0,home,0,46,1,1,39,0,0,0.156,0,0.025
ORD001147,PIN0061,0.017546598413318317,2,Prepaid,1444.88,0.0,home,1,27,1,1,596,6,0,0.042,0,0.021
ORD001148,PIN0135,0.05321067711925716,1,COD,145.69,39.1,apparel,1,44,1,1,253,0,0,0.043,1,0.286
ORD001149,PIN0207,0.24185758785987585,3,Prepaid,1393.62,12.9,footwear,0,50,1,1,180,4,1,0.159,0,0.038
ORD001150,PIN0128,0.5348421327697304,1,Prepaid,470.89,24.2,footwear,0,44,0,1,217,3,1,0.389,0,0.189
ORD001151,PIN0259,0.3688193464675404,1,COD,1910.6,3.6,beauty,0,61,1,1,285,4,1,0.255,0,0.332
ORD001152,PIN0051,0.1270287892811351,2,Prepaid,177.2,11.3,home,1,50,1,1,10,0,0,0.157,0,0.068
ORD001153,PIN0195,0.37529746541575604,1,COD,1515.93,11.9,beauty,1,41,0,1,122,0,0,0.305,0,0.593
ORD001154,PIN0081,0.269057773400945,2,Prepaid,482.85,17.9,apparel,0,59,0,1,257,5,1,0.144,0,0.064
ORD001155,PIN0019,0.22488151934933776,1,COD,2457.04,16.1,apparel,0,50,0,1,572,5,1,0.144,0,0.349
ORD001156,PIN0172,0.1792836304796501,2,Prepaid,229.56,3.9,apparel,1,105,0,1,289,5,1,0.119,0,0.057
ORD001157,PIN0061,0.017546598413318317,2,COD,1061.13,3.8,apparel,0,65,0,1,19,1,0,0.062,0,0.281
ORD001158,PIN0021,0.11081589624148036,1,COD,1717.23,14.0,footwear,0,34,1,1,39,0,0,0.105,0,0.19
ORD001159,PIN0094,0.2827977123570768,3,Prepaid,1334.5,0.0,footwear,1,10,1,1,331,5,1,0.158,0,0.121
ORD001160,PIN0129,0.04271815136040225,2,COD,1328.08,5.1,beauty,0,31,1,1,362,5,0,0.074,0,0.139
ORD001161,PIN0234,0.1283935139587208,2,Prepaid,320.03,13.2,beauty,1,5,0,1,31,2,0,0.087,0,0.137
ORD001162,PIN0188,0.07732592795057032,3,Prepaid,299.15,19.8,footwear,1,58,1,1,207,4,0,0.072,0,0.035
ORD001163,PIN0204,0.18053165217789413,3,Prepaid,1290.17,33.0,home,0,39,1,1,220,8,1,0.105,0,0.04
ORD001164,PIN0022,0.2903842384680754,2,COD,1145.4,9.3,apparel,0,29,1,1,349,4,1,0.252,1,0.309
ORD001165,PIN0142,0.16802011769598604,3,Prepaid,411.02,15.4,footwear,1,56,0,1,452,6,1,0.239,0,0.083
ORD001166,PIN0174,0.3104143033084286,1,COD,388.88,0.0,beauty,0,37,0,0,1384,22,4,0.193,1,0.651
ORD001167,PIN0236,0.2789920211073238,1,COD,948.38,19.0,apparel,1,52,0,1,78,1,0,0.148,1,0.487
ORD001168,PIN0104,0.25616938553288543,3,Prepaid,752.16,4.1,apparel,0,39,0,1,166,4,1,0.165,0,0.052
ORD001169,PIN0288,0.1006295496297796,1,Prepaid,3538.38,11.3,home,1,46,0,1,8,0,0,0.2,0,0.139
ORD001170,PIN0208,0.13765125001234177,3,COD,2558.2,20.7,apparel,0,70,0,1,122,2,0,0.119,1,0.383
ORD001171,PIN0198,0.40458255867058707,2,COD,1861.41,21.2,footwear,0,63,1,1,255,5,1,0.286,1,0.435
ORD001172,PIN0152,0.17087336091455124,3,Prepaid,2776.03,0.0,home,0,73,1,1,84,0,0,0.146,0,0.035
ORD001173,PIN0217,0.08454080558982856,2,Prepaid,592.45,24.6,apparel,0,51,0,1,1270,20,2,0.114,0,0.044
ORD001174,PIN0163,0.1177622618451269,3,COD,671.84,14.5,apparel,0,8,0,1,223,5,1,0.131,0,0.514
ORD001175,PIN0057,0.1556157190694676,2,Prepaid,2307.25,30.2,beauty,1,31,0,1,50,1,0,0.152,0,0.086
ORD001176,PIN0159,0.04758322169027929,3,COD,1058.65,32.5,apparel,0,12,1,1,394,4,1,0.164,0,0.452
ORD001177,PIN0250,0.1327130862470537,1,COD,1109.39,34.3,beauty,0,63,1,1,425,7,1,0.131,0,0.267
ORD001178,PIN0295,0.039989515935606415,2,Prepaid,363.99,0.0,footwear,0,45,1,1,415,12,2,0.129,0,0.02
ORD001179,PIN0270,0.05871297016687864,3,Prepaid,2234.37,19.8,beauty,1,70,1,1,10,0,0,0.05,0,0.054
ORD001180,PIN0110,0.3357736090153051,3,COD,1569.18,0.0,electronics,0,65,1,1,283,2,0,0.217,1,0.286
ORD001181,PIN0269,0.16817721963481505,2,COD,825.39,30.6,footwear,0,42,0,1,154,6,1,0.187,1,0.393
ORD001182,PIN0019,0.22488151934933776,1,COD,676.13,32.3,footwear,0,79,0,1,66,1,0,0.128,0,0.404
ORD001183,PIN0143,0.30134916635767295,3,Prepaid,2486.65,26.7,footwear,0,64,1,1,133,1,0,0.208,0,0.059
ORD001184,PIN0169,0.049707931382895566,2,COD,598.84,9.9,apparel,0,46,1,1,695,12,1,0.093,0,0.156
ORD001185,PIN0163,0.1177622618451269,3,COD,259.73,21.5,apparel,0,53,1,1,45,0,0,0.089,0,0.207
ORD001186,PIN0025,0.18879443382778816,3,Prepaid,2583.53,8.4,beauty,0,73,1,1,608,11,2,0.165,0,0.043
ORD001187,PIN0179,0.09543333500337425,3,COD,2619.26,15.2,apparel,1,53,0,1,60,1,0,0.067,1,0.404
ORD001188,PIN0034,0.39537657042824204,3,Prepaid,596.78,13.9,beauty,0,31,1,1,137,2,1,0.318,0,0.073
ORD001189,PIN0150,0.20240653300047812,1,COD,4001.82,0.0,footwear,1,21,0,1,125,2,0,0.23,1,0.718
ORD001190,PIN0289,0.3429607414101108,1,Prepaid,966.95,5.3,footwear,0,39,1,1,67,0,0,0.346,0,0.06
ORD001191,PIN0119,0.23800736951799512,3,COD,602.66,42.3,apparel,0,31,0,1,37,0,0,0.177,0,0.477
ORD001192,PIN0135,0.05321067711925716,1,COD,1532.32,14.0,footwear,0,49,1,1,212,3,0,0.136,0,0.178
ORD001193,PIN0160,0.14888643303934485,3,COD,311.9,16.9,beauty,0,34,0,1,318,2,0,0.231,0,0.349
ORD001194,PIN0131,0.37098212541580694,2,Prepaid,455.52,14.9,home,0,37,1,1,47,0,0,0.268,0,0.064
ORD001195,PIN0174,0.3104143033084286,1,Prepaid,1296.3,10.1,apparel,0,69,1,1,232,1,0,0.199,0,0.045
ORD001196,PIN0217,0.08454080558982856,2,COD,1128.72,15.4,apparel,0,78,0,1,349,4,0,0.078,0,0.249
ORD001197,PIN0092,0.048514119952498914,3,COD,1994.16,10.1,home,1,29,0,0,130,3,0,0.146,0,0.611
ORD001198,PIN0255,0.07668458057365714,3,Prepaid,360.01,0.0,beauty,0,37,0,1,149,3,0,0.074,0,0.027
ORD001199,PIN0099,0.22455714953226596,3,COD,3554.9,24.4,footwear,0,40,1,1,201,2,0,0.161,0,0.363
ORD001200,PIN0058,0.26591533886111357,2,COD,740.15,34.4,apparel,0,51,1,1,38,1,0,0.264,1,0.396
ORD001201,PIN0064,0.13292062134901952,2,Prepaid,1097.73,1.0,apparel,0,51,1,0,97,4,1,0.138,0,0.073
ORD001202,PIN0040,0.37739358518775873,2,COD,712.24,10.0,apparel,0,34,1,1,121,3,1,0.276,0,0.37
ORD001203,PIN0078,0.1819352724912822,3,COD,309.3,33.0,home,0,55,0,1,454,13,1,0.108,0,0.373
ORD001204,PIN0062,0.031535551983626044,2,COD,1007.9,5.7,beauty,1,35,0,1,509,8,1,0.16,0,0.3
ORD001205,PIN0283,0.3251461237517792,3,COD,1700.62,19.7,electronics,0,37,1,1,313,7,1,0.179,0,0.334
ORD001206,PIN0170,0.3311683196889837,1,COD,892.61,66.9,apparel,1,26,1,1,299,4,1,0.251,1,0.652
ORD001207,PIN0014,0.1671477447440522,1,Prepaid,503.19,22.6,apparel,1,65,0,1,151,2,0,0.153,0,0.079
ORD001208,PIN0266,0.20105193051315587,2,Prepaid,2040.94,15.8,apparel,0,63,1,1,51,0,0,0.231,0,0.041
ORD001209,PIN0163,0.1177622618451269,3,COD,2095.31,25.6,apparel,0,51,0,1,79,4,0,0.119,1,0.315
ORD001210,PIN0221,0.18271973881483156,3,Prepaid,855.73,24.3,footwear,0,58,0,1,61,0,0,0.124,0,0.056
ORD001211,PIN0217,0.08454080558982856,2,COD,1356.67,7.1,apparel,0,67,1,1,44,0,0,0.1,1,0.163
ORD001212,PIN0005,0.3672067173505017,1,Prepaid,2030.44,0.0,apparel,0,60,1,1,469,10,3,0.331,0,0.057
ORD001213,PIN0233,0.1714469140567701,2,COD,1686.94,22.1,home,1,59,1,1,387,5,1,0.191,1,0.351
ORD001214,PIN0100,0.2520666975858372,2,Prepaid,1328.52,23.9,footwear,0,36,0,1,114,2,0,0.192,0,0.074
ORD001215,PIN0214,0.6315101336444798,2,COD,1637.58,11.4,beauty,1,14,1,1,34,1,0,0.429,0,0.856
ORD001216,PIN0157,0.12089371859732742,3,COD,1426.0,34.7,apparel,0,29,1,1,17,0,0,0.102,0,0.368
ORD001217,PIN0029,0.47671536580943735,1,COD,1053.18,32.3,electronics,0,88,0,0,331,5,2,0.31,1,0.857
ORD001218,PIN0038,0.1659381340634445,2,COD,352.88,24.3,apparel,0,40,0,1,161,5,1,0.116,0,0.335
ORD001219,PIN0078,0.1819352724912822,3,COD,438.36,11.7,apparel,0,77,0,1,74,1,0,0.177,1,0.324
ORD001220,PIN0298,0.23071903073603278,1,Prepaid,1471.27,0.0,home,0,55,0,1,197,2,0,0.171,0,0.046
ORD001221,PIN0228,0.15044575363342055,2,Prepaid,706.27,12.9,footwear,0,44,0,1,533,5,1,0.129,0,0.044
ORD001222,PIN0068,0.10820352955491426,2,COD,1432.87,0.0,apparel,0,26,1,1,4,0,0,0.243,0,0.296
ORD001223,PIN0044,0.1133005032463249,2,Prepaid,343.88,0.0,home,1,30,0,1,808,12,1,0.092,0,0.044
ORD001224,PIN0101,0.22588461465675833,2,Prepaid,545.69,22.8,beauty,0,42,1,0,870,14,4,0.262,0,0.154
ORD001225,PIN0073,0.15856417771242562,3,Prepaid,892.58,29.1,beauty,0,42,1,0,57,1,0,0.128,0,0.116
ORD001226,PIN0080,0.14032323686687975,3,Prepaid,92.63,0.0,apparel,1,55,1,1,43,0,0,0.214,0,0.039
ORD001227,PIN0035,0.02618888133818163,1,Prepaid,484.36,11.9,footwear,0,31,1,1,35,0,0,0.042,0,0.02
ORD001228,PIN0230,0.21027956975533948,2,COD,609.32,14.8,apparel,0,32,1,1,506,11,2,0.204,0,0.269
ORD001229,PIN0143,0.30134916635767295,3,Prepaid,1191.31,11.5,apparel,0,62,1,1,202,4,1,0.216,0,0.047
ORD001230,PIN0039,0.17227556210050016,3,Prepaid,849.81,0.0,apparel,0,82,0,1,300,5,1,0.147,0,0.039
ORD001231,PIN0130,0.2313331139934696,2,COD,1239.37,31.0,home,1,46,1,1,12,1,0,0.191,0,0.556
ORD001232,PIN0113,0.23619703608082426,3,COD,1082.16,0.0,footwear,0,53,0,1,770,15,3,0.174,0,0.31
ORD001233,PIN0015,0.1612409751583916,2,COD,822.15,0.0,apparel,0,42,0,1,57,1,0,0.171,0,0.271
ORD001234,PIN0143,0.30134916635767295,3,Prepaid,612.83,0.0,apparel,0,43,1,1,278,4,1,0.225,0,0.04
ORD001235,PIN0066,0.17989723194024237,1,COD,1110.17,20.8,footwear,1,40,0,1,157,3,0,0.116,1,0.419
ORD001236,PIN0121,0.1678902033753326,1,Prepaid,2426.11,11.8,home,0,38,0,1,133,0,0,0.254,0,0.057
ORD001237,PIN0274,0.0909889174111655,2,Prepaid,609.71,5.8,footwear,0,56,1,1,489,5,1,0.161,0,0.024
ORD001238,PIN0230,0.21027956975533948,2,Prepaid,3458.94,21.3,home,0,57,0,0,276,3,0,0.142,0,0.225
ORD001239,PIN0146,0.36719789136152997,3,COD,1126.14,19.0,home,0,40,1,0,110,3,1,0.395,1,0.738
ORD001240,PIN0153,0.08879927597471768,3,Prepaid,1924.23,0.0,electronics,0,33,1,0,551,12,2,0.187,0,0.072
ORD001241,PIN0293,0.4388590532716878,3,Prepaid,1367.87,21.2,apparel,0,35,1,1,151,2,1,0.413,0,0.106
ORD001242,PIN0020,0.20505061420655793,1,COD,1516.76,29.2,beauty,0,58,0,1,271,4,1,0.16,1,0.396
ORD001243,PIN0296,0.18053002044469238,2,Prepaid,480.98,13.5,electronics,0,28,0,1,248,3,0,0.142,0,0.048
ORD001244,PIN0238,0.19595485581764938,1,COD,701.2,12.2,electronics,0,24,1,1,43,0,0,0.12,1,0.437
ORD001245,PIN0018,0.2210946797093708,3,Prepaid,204.41,37.7,beauty,0,50,0,1,449,3,1,0.216,0,0.088
ORD001246,PIN0179,0.09543333500337425,3,COD,876.64,6.5,apparel,0,43,0,1,707,12,1,0.089,0,0.231
ORD001247,PIN0293,0.4388590532716878,3,COD,1619.8,13.0,beauty,0,42,0,1,234,1,0,0.297,0,0.537
ORD001248,PIN0030,0.16141970430743355,2,COD,881.73,19.0,electronics,1,61,1,1,2,0,0,0.153,0,0.446
ORD001249,PIN0296,0.18053002044469238,2,COD,1998.57,15.6,footwear,0,43,1,1,173,5,1,0.133,1,0.231
ORD001250,PIN0201,0.02362310774311192,1,COD,758.57,11.7,apparel,0,31,1,0,519,13,1,0.082,1,0.369
ORD001251,PIN0254,0.07646704519158327,1,Prepaid,577.45,16.1,beauty,0,48,0,1,27,1,0,0.117,0,0.064
ORD001252,PIN0115,0.13725424899347285,2,COD,676.57,33.8,electronics,0,31,0,1,431,6,1,0.134,0,0.363
ORD001253,PIN0219,0.1075270431373715,3,COD,1732.04,24.7,apparel,0,62,1,1,111,1,0,0.157,0,0.235
ORD001254,PIN0276,0.2879002600445968,2,Prepaid,2968.63,14.1,electronics,0,45,0,1,378,5,1,0.199,0,0.094
ORD001255,PIN0262,0.32304958607289985,3,Prepaid,3694.01,4.6,electronics,0,24,1,1,472,6,1,0.164,0,0.135
ORD001256,PIN0024,0.2513226518182671,3,COD,1605.97,6.2,home,0,48,1,1,118,2,0,0.215,1,0.265
ORD001257,PIN0000,0.17388674862848544,2,Prepaid,1934.82,26.4,apparel,0,29,0,1,28,0,0,0.093,0,0.089
ORD001258,PIN0176,0.22035230981956289,1,COD,258.6,0.0,footwear,0,65,1,1,331,5,1,0.183,0,0.221
ORD001259,PIN0245,0.057521588414221454,2,Prepaid,336.84,43.8,apparel,0,43,1,1,31,0,0,0.24,0,0.046
ORD001260,PIN0021,0.11081589624148036,1,COD,499.8,14.6,beauty,0,57,0,1,855,24,6,0.254,0,0.33
ORD001261,PIN0000,0.17388674862848544,2,Prepaid,2526.29,0.0,beauty,0,32,1,1,185,1,0,0.196,0,0.038
ORD001262,PIN0076,0.3281745219329262,2,Prepaid,2501.9,17.2,apparel,0,41,1,1,409,3,1,0.229,0,0.076
ORD001263,PIN0083,0.20019172067931276,1,Prepaid,4247.59,5.4,apparel,1,53,1,1,142,1,0,0.228,0,0.068
ORD001264,PIN0286,0.36801653511359517,3,Prepaid,489.73,10.0,apparel,1,41,1,1,262,0,0,0.291,0,0.088
ORD001265,PIN0289,0.3429607414101108,1,Prepaid,960.33,0.0,electronics,0,27,0,1,537,10,2,0.184,0,0.062
ORD001266,PIN0210,0.31081627181481286,1,COD,202.88,12.1,apparel,0,59,1,0,18,1,0,0.195,0,0.719
ORD001267,PIN0022,0.2903842384680754,2,Prepaid,286.93,0.0,footwear,0,50,1,0,33,0,0,0.218,0,0.118
ORD001268,PIN0131,0.37098212541580694,2,Prepaid,819.54,7.8,apparel,1,23,1,1,19,0,0,0.237,0,0.281
ORD001269,PIN0034,0.39537657042824204,3,Prepaid,509.27,5.1,footwear,0,37,0,1,174,5,2,0.335,0,0.099
ORD001270,PIN0049,0.161172247730865,2,COD,514.72,9.0,footwear,0,28,1,1,1162,19,2,0.106,0,0.196
ORD001271,PIN0088,0.1692829165704169,3,COD,633.56,5.8,apparel,0,35,0,0,1044,16,2,0.102,1,0.55
ORD001272,PIN0198,0.40458255867058707,2,Prepaid,2722.57,15.4,home,0,35,1,1,574,9,2,0.246,0,0.09
ORD001273,PIN0165,0.2880773070013004,2,COD,2193.05,25.7,footwear,0,40,0,1,36,0,0,0.372,0,0.535
ORD001274,PIN0140,0.21265385060190026,3,COD,433.55,19.3,apparel,0,16,0,1,155,2,0,0.188,1,0.617
ORD001275,PIN0293,0.4388590532716878,3,COD,2151.37,30.6,beauty,1,36,1,1,130,0,0,0.334,1,0.612
ORD001276,PIN0006,0.2166683783904812,2,Prepaid,546.1,9.0,home,0,64,1,1,565,12,3,0.24,0,0.039
ORD001277,PIN0092,0.048514119952498914,3,COD,255.01,18.9,home,0,79,1,0,112,3,0,0.11,0,0.425
ORD001278,PIN0259,0.3688193464675404,1,COD,614.62,19.4,footwear,0,22,0,1,38,0,0,0.227,1,0.718
ORD001279,PIN0252,0.13392418026200584,1,COD,1277.61,28.8,apparel,1,66,1,1,1224,21,6,0.264,1,0.389
ORD001280,PIN0288,0.1006295496297796,1,Prepaid,479.27,6.2,apparel,1,89,1,1,48,0,0,0.129,0,0.033
ORD001281,PIN0172,0.1792836304796501,2,Prepaid,1585.13,24.5,home,0,41,1,1,14,0,0,0.185,0,0.069
ORD001282,PIN0157,0.12089371859732742,3,COD,651.72,4.7,apparel,0,55,1,1,1045,18,3,0.167,1,0.189
ORD001283,PIN0028,0.17457033883238962,3,COD,1346.18,8.2,beauty,0,65,0,1,95,3,1,0.264,1,0.346
ORD001284,PIN0084,0.3366089221382588,2,Prepaid,428.82,10.7,electronics,0,36,1,1,45,0,0,0.32,0,0.061
ORD001285,PIN0299,0.25128662396021834,2,COD,1034.25,20.4,electronics,0,64,1,1,297,4,1,0.161,0,0.29
ORD001286,PIN0222,0.2838482186160987,3,Prepaid,492.62,2.0,footwear,1,41,0,1,11,0,0,0.196,0,0.133
ORD001287,PIN0093,0.07361655439550663,2,COD,838.84,3.6,beauty,1,64,1,0,11,0,0,0.078,1,0.594
ORD001288,PIN0276,0.2879002600445968,2,Prepaid,3493.39,7.3,beauty,0,75,0,1,139,2,0,0.187,0,0.083
ORD001289,PIN0159,0.04758322169027929,3,COD,725.33,15.6,footwear,0,70,0,1,221,4,1,0.219,0,0.287
ORD001290,PIN0281,0.08231136897158131,2,Prepaid,329.65,3.8,apparel,0,38,0,1,23,0,0,0.118,0,0.054
ORD001291,PIN0233,0.1714469140567701,2,COD,1084.58,18.2,home,0,56,0,1,30,0,0,0.187,0,0.347
ORD001292,PIN0059,0.028176366197176325,2,Prepaid,1098.64,10.7,electronics,0,35,1,0,83,2,0,0.058,0,0.058
ORD001293,PIN0238,0.19595485581764938,1,Prepaid,1093.29,22.9,beauty,0,22,1,1,105,3,0,0.131,0,0.095
ORD001294,PIN0248,0.059205781564026436,2,Prepaid,1520.23,15.8,footwear,0,40,0,1,139,3,1,0.292,0,0.05
ORD001295,PIN0017,0.08527105426602015,3,COD,697.44,36.0,footwear,1,61,1,0,182,3,0,0.161,0,0.636
ORD001296,PIN0150,0.20240653300047812,1,COD,1628.06,16.5,electronics,1,39,1,1,80,1,0,0.134,0,0.322
ORD001297,PIN0269,0.16817721963481505,2,Prepaid,1002.19,0.4,footwear,0,74,1,1,592,6,1,0.188,0,0.027
ORD001298,PIN0030,0.16141970430743355,2,Prepaid,311.55,12.4,apparel,0,46,0,1,259,3,1,0.171,0,0.048
ORD001299,PIN0149,0.03702292684201334,2,COD,1792.16,15.3,home,1,23,1,0,1065,19,3,0.179,1,0.755
ORD001300,PIN0071,0.18347397774733312,3,COD,1163.79,4.1,footwear,1,39,1,0,157,6,1,0.159,1,0.565
ORD001301,PIN0003,0.21173917998291497,1,COD,1568.0,33.2,home,1,32,0,1,196,1,0,0.153,0,0.508
ORD001302,PIN0151,0.11454454166446207,2,Prepaid,348.3,11.3,home,0,71,1,1,319,7,1,0.213,0,0.03
ORD001303,PIN0268,0.04836706407883637,2,Prepaid,1866.83,7.3,footwear,0,55,0,1,241,0,0,0.226,0,0.038
ORD001304,PIN0205,0.14470001271385566,1,Prepaid,4108.65,17.2,apparel,0,43,0,1,100,0,0,0.179,0,0.069
ORD001305,PIN0246,0.04499326698297448,3,Prepaid,323.48,4.1,home,0,59,0,1,274,3,0,0.119,0,0.029
ORD001306,PIN0007,0.10282236469347789,1,COD,2051.15,26.6,beauty,1,29,1,1,245,5,1,0.159,0,0.316
ORD001307,PIN0030,0.16141970430743355,2,COD,1167.47,24.2,beauty,0,22,1,1,465,2,0,0.152,1,0.481
ORD001308,PIN0264,0.06150720406271427,2,COD,1010.33,16.6,footwear,1,19,1,1,829,13,2,0.119,1,0.469
ORD001309,PIN0103,0.14686359912766067,3,Prepaid,1881.84,22.1,electronics,0,8,1,1,19,0,0,0.18,0,0.149
ORD001310,PIN0084,0.3366089221382588,2,COD,1741.28,9.0,apparel,1,23,0,1,295,3,1,0.206,0,0.737
ORD001311,PIN0073,0.15856417771242562,3,COD,2407.97,0.0,footwear,0,56,0,1,5,0,0,0.118,0,0.366
ORD001312,PIN0167,0.4935862904591014,2,COD,361.38,11.1,apparel,0,59,1,0,517,8,2,0.292,1,0.733
ORD001313,PIN0188,0.07732592795057032,3,COD,2471.53,9.0,home,1,27,1,1,263,4,1,0.133,0,0.236
ORD001314,PIN0118,0.10553235910087899,1,Prepaid,1336.38,0.0,footwear,1,5,1,1,39,0,0,0.251,0,0.097
ORD001315,PIN0281,0.08231136897158131,2,COD,209.5,2.3,footwear,0,36,0,1,19,1,0,0.093,0,0.322
ORD001316,PIN0065,0.17591499251126388,1,COD,730.85,0.2,beauty,1,54,0,1,901,20,6,0.296,1,0.421
ORD001317,PIN0116,0.19943366426208856,2,Prepaid,1187.52,2.4,footwear,1,61,0,1,129,1,0,0.233,0,0.072
ORD001318,PIN0107,0.1562149940849948,3,COD,717.81,31.0,electronics,0,49,0,1,102,1,0,0.204,1,0.395
ORD001319,PIN0103,0.14686359912766067,3,COD,916.34,21.1,apparel,0,24,1,1,183,2,0,0.151,0,0.459
ORD001320,PIN0146,0.36719789136152997,3,COD,637.08,26.6,home,0,59,0,1,18,1,0,0.307,0,0.683
ORD001321,PIN0129,0.04271815136040225,2,Prepaid,5542.67,21.1,home,0,52,0,1,134,2,0,0.087,0,0.049
ORD001322,PIN0162,0.025305057507046393,1,COD,1646.81,28.0,footwear,0,59,1,1,117,3,0,0.14,0,0.205
ORD001323,PIN0145,0.19822149193013747,2,Prepaid,1080.39,15.3,electronics,0,27,0,1,134,2,0,0.157,0,0.053
ORD001324,PIN0267,0.15975785024150987,2,Prepaid,419.92,33.2,apparel,1,55,0,1,77,1,0,0.109,0,0.084
ORD001325,PIN0053,0.25942751057307656,3,Prepaid,2412.38,0.2,apparel,1,62,1,1,384,10,2,0.168,0,0.047
ORD001326,PIN0210,0.31081627181481286,1,COD,1497.17,14.2,apparel,1,17,1,1,897,12,2,0.185,0,0.639
ORD001327,PIN0011,0.23995645601446844,2,Prepaid,460.6,2.7,home,1,32,1,1,54,1,0,0.16,0,0.046
ORD001328,PIN0000,0.17388674862848544,2,COD,463.55,29.9,beauty,0,14,0,1,139,1,0,0.186,1,0.635
ORD001329,PIN0221,0.18271973881483156,3,COD,933.89,20.0,apparel,0,28,1,1,30,0,0,0.179,0,0.263
ORD001330,PIN0091,0.14455891564261608,1,COD,1088.7,29.2,apparel,1,42,1,1,369,4,0,0.1,0,0.322
ORD001331,PIN0254,0.07646704519158327,1,COD,1619.27,0.0,apparel,0,16,0,1,30,1,0,0.131,0,0.43
ORD001332,PIN0084,0.3366089221382588,2,COD,982.66,7.8,electronics,0,67,0,1,1226,11,3,0.241,1,0.426
ORD001333,PIN0227,0.1964046074585869,3,COD,1717.9,0.0,footwear,0,67,0,1,694,9,1,0.163,0,0.285
ORD001334,PIN0133,0.34050859772553177,2,COD,718.39,19.3,footwear,0,42,0,0,14,0,0,0.255,1,0.844
ORD001335,PIN0139,0.20637671394889248,1,COD,984.69,9.9,beauty,0,31,0,1,53,0,0,0.26,1,0.368
ORD001336,PIN0069,0.4466472261075709,1,Prepaid,2473.38,24.1,electronics,0,44,0,1,292,4,1,0.271,0,0.13
ORD001337,PIN0265,0.05224771045445513,3,Prepaid,1772.97,15.4,apparel,0,74,0,1,224,5,0,0.089,0,0.034
ORD001338,PIN0174,0.3104143033084286,1,COD,1030.48,0.0,beauty,0,57,0,1,694,11,3,0.258,0,0.388
ORD001339,PIN0221,0.18271973881483156,3,Prepaid,1301.7,0.0,beauty,0,9,0,1,212,2,0,0.123,0,0.096
ORD001340,PIN0160,0.14888643303934485,3,COD,988.09,16.0,apparel,0,5,1,0,410,3,1,0.314,1,0.784
ORD001341,PIN0042,0.1286804329749095,2,COD,289.79,20.6,apparel,1,26,0,1,106,0,0,0.141,0,0.401
ORD001342,PIN0151,0.11454454166446207,2,COD,3056.22,0.0,footwear,0,44,1,1,469,5,0,0.08,0,0.199
ORD001343,PIN0063,0.08371105588997728,2,COD,488.34,14.0,home,0,10,1,0,387,7,1,0.123,0,0.672
ORD001344,PIN0063,0.08371105588997728,2,COD,764.06,2.8,electronics,1,40,1,0,45,0,0,0.119,0,0.48
ORD001345,PIN0159,0.04758322169027929,3,COD,4929.17,1.7,beauty,1,11,1,1,37,0,0,0.142,1,0.493
ORD001346,PIN0274,0.0909889174111655,2,COD,404.91,7.1,beauty,0,45,1,1,120,1,0,0.087,1,0.161
ORD001347,PIN0168,0.09176533396817868,2,COD,944.44,16.5,apparel,1,49,1,1,49,0,0,0.115,0,0.259
ORD001348,PIN0261,0.3559963391748867,2,COD,2584.6,6.5,footwear,0,79,1,1,90,5,2,0.342,1,0.455
ORD001349,PIN0112,0.24386188263641523,2,COD,3504.92,0.0,apparel,1,42,1,1,368,4,1,0.174,0,0.376
ORD001350,PIN0104,0.25616938553288543,3,COD,1482.02,16.4,apparel,1,37,1,1,178,6,1,0.185,0,0.374
ORD001351,PIN0168,0.09176533396817868,2,COD,2427.56,10.8,beauty,0,71,1,1,26,1,0,0.063,1,0.253
ORD001352,PIN0153,0.08879927597471768,3,COD,870.73,3.7,electronics,0,58,1,1,233,4,1,0.171,1,0.176
ORD001353,PIN0196,0.2509986970916318,1,COD,50.47,11.3,beauty,0,45,0,1,469,3,1,0.238,0,0.389
ORD001354,PIN0082,0.22315030234183808,1,COD,2281.3,10.8,footwear,0,38,1,1,1210,16,3,0.19,0,0.257
ORD001355,PIN0214,0.6315101336444798,2,COD,1012.37,15.5,apparel,0,79,0,1,92,1,0,0.362,1,0.686
ORD001356,PIN0046,0.29996584020542727,1,Prepaid,791.99,12.0,apparel,0,30,1,1,362,1,0,0.183,0,0.044
ORD001357,PIN0013,0.14022168513511157,2,COD,736.05,17.0,apparel,0,15,0,1,436,5,1,0.111,1,0.528
ORD001358,PIN0021,0.11081589624148036,1,COD,1694.04,14.4,apparel,1,41,1,1,787,8,1,0.101,0,0.256
ORD001359,PIN0080,0.14032323686687975,3,COD,1680.04,24.8,home,1,38,0,1,779,9,1,0.089,0,0.399
ORD001360,PIN0246,0.04499326698297448,3,Prepaid,1035.33,34.0,electronics,0,69,0,1,62,1,0,0.084,1,0.044
ORD001361,PIN0094,0.2827977123570768,3,Prepaid,1430.7,14.8,apparel,1,48,1,1,393,7,2,0.316,0,0.082
ORD001362,PIN0112,0.24386188263641523,2,Prepaid,397.39,7.5,home,0,63,1,1,55,0,0,0.174,0,0.036
ORD001363,PIN0051,0.1270287892811351,2,Prepaid,881.05,0.0,home,1,5,0,1,150,2,0,0.108,0,0.117
ORD001364,PIN0142,0.16802011769598604,3,COD,414.58,22.8,footwear,1,38,1,1,356,9,1,0.111,1,0.316
ORD001365,PIN0158,0.26324195978453147,1,Prepaid,401.6,4.2,electronics,1,74,0,1,182,4,1,0.258,0,0.09
ORD001366,PIN0010,0.10588038760562166,2,COD,1332.62,43.2,home,0,23,0,1,194,4,1,0.128,1,0.621
ORD001367,PIN0260,0.0909392930689977,3,Prepaid,1078.31,48.4,apparel,1,39,0,1,52,1,0,0.125,0,0.094
ORD001368,PIN0182,0.14478787604400445,3,COD,719.62,12.4,footwear,0,61,1,1,195,7,1,0.134,1,0.208
ORD001369,PIN0098,0.2377937294785135,1,COD,846.68,0.0,footwear,0,34,1,1,125,1,0,0.326,0,0.281
ORD001370,PIN0297,0.37085986126357623,1,Prepaid,1415.69,22.8,beauty,1,60,1,1,438,7,2,0.252,0,0.1
ORD001371,PIN0035,0.02618888133818163,1,COD,1718.84,40.2,home,0,32,1,1,463,5,0,0.065,0,0.214
ORD001372,PIN0114,0.09429357946075165,2,Prepaid,1526.51,0.0,home,1,44,1,1,69,0,0,0.051,0,0.025
ORD001373,PIN0184,0.2948675343213751,3,COD,199.18,37.8,beauty,1,58,0,1,204,5,1,0.227,0,0.612
ORD001374,PIN0141,0.07604489038465068,2,Prepaid,85.33,0.0,electronics,1,23,1,1,721,16,3,0.168,0,0.078
ORD001375,PIN0250,0.1327130862470537,1,Prepaid,530.19,0.0,home,0,28,1,1,1403,21,3,0.164,0,0.024
ORD001376,PIN0267,0.15975785024150987,2,COD,86.92,18.7,footwear,0,63,1,0,213,8,1,0.187,0,0.529
ORD001377,PIN0149,0.03702292684201334,2,Prepaid,2818.87,27.2,home,1,29,1,1,117,1,0,0.094,0,0.051
ORD001378,PIN0081,0.269057773400945,2,Prepaid,824.25,14.2,apparel,0,47,1,1,285,4,1,0.186,0,0.043
ORD001379,PIN0122,0.19225689255239523,2,Prepaid,309.38,20.4,beauty,0,64,1,1,434,9,1,0.152,0,0.037
ORD001380,PIN0094,0.2827977123570768,3,COD,816.6,28.3,beauty,0,46,1,1,192,4,1,0.152,0,0.331
ORD001381,PIN0189,0.43907579834176413,3,COD,150.38,29.6,apparel,0,50,0,1,256,3,1,0.369,0,0.637
ORD001382,PIN0085,0.059088667045030185,2,Prepaid,316.59,7.5,electronics,0,75,0,1,280,6,1,0.121,0,0.032
ORD001383,PIN0243,0.11429433278022987,2,COD,767.99,4.6,apparel,0,91,0,1,249,6,1,0.094,0,0.235
ORD001384,PIN0060,0.5407955692320056,2,COD,667.06,27.6,beauty,0,47,0,1,409,5,1,0.292,1,0.651
ORD001385,PIN0227,0.1964046074585869,3,COD,762.82,20.5,apparel,1,36,1,1,217,5,1,0.181,0,0.354
ORD001386,PIN0243,0.11429433278022987,2,Prepaid,1448.79,22.1,electronics,0,61,1,0,321,5,1,0.144,0,0.098
ORD001387,PIN0202,0.3777076233346446,1,COD,2025.28,7.1,footwear,0,29,0,0,287,8,3,0.322,1,0.761
ORD001388,PIN0136,0.02334406143818844,1,Prepaid,1131.25,22.7,apparel,0,71,1,1,322,3,0,0.06,0,0.022
ORD001389,PIN0203,0.15412845945996423,1,Prepaid,2100.68,1.9,apparel,0,34,1,1,341,2,0,0.122,0,0.024
ORD001390,PIN0209,0.12881420639621405,1,COD,679.95,18.0,electronics,1,36,0,1,140,1,0,0.098,0,0.37
ORD001391,PIN0155,0.06950314701364126,3,COD,2300.25,16.3,beauty,0,24,0,1,114,2,0,0.048,1,0.451
ORD001392,PIN0164,0.05853294876169379,1,Prepaid,1144.94,16.4,footwear,0,28,1,1,89,1,0,0.161,0,0.026
ORD001393,PIN0092,0.048514119952498914,3,COD,1904.71,24.4,beauty,0,68,0,1,286,1,0,0.087,0,0.264
ORD001394,PIN0084,0.3366089221382588,2,Prepaid,691.6,2.8,footwear,1,51,0,1,33,0,0,0.258,1,0.103
ORD001395,PIN0299,0.25128662396021834,2,Prepaid,1105.87,23.1,apparel,0,43,1,1,144,1,0,0.208,0,0.049
ORD001396,PIN0227,0.1964046074585869,3,Prepaid,3817.83,15.2,apparel,1,86,1,1,57,1,0,0.134,0,0.066
ORD001397,PIN0264,0.06150720406271427,2,COD,1099.57,5.5,footwear,0,47,0,0,107,1,0,0.249,0,0.556
ORD001398,PIN0183,0.021054208464102726,1,Prepaid,2013.0,0.0,apparel,0,44,1,1,600,8,0,0.042,0,0.02
ORD001399,PIN0145,0.19822149193013747,2,Prepaid,2188.1,37.7,electronics,0,22,1,1,63,0,0,0.144,0,0.121
ORD001400,PIN0110,0.3357736090153051,3,COD,1612.02,14.2,electronics,1,28,1,1,207,5,1,0.201,0,0.419
ORD001401,PIN0060,0.5407955692320056,2,Prepaid,1819.24,10.7,footwear,0,26,1,1,12,0,0,0.448,0,0.192
ORD001402,PIN0160,0.14888643303934485,3,Prepaid,693.34,1.3,electronics,1,31,1,1,35,1,0,0.129,0,0.034
ORD001403,PIN0155,0.06950314701364126,3,Prepaid,514.95,28.1,footwear,1,35,0,1,31,0,0,0.094,0,0.062
ORD001404,PIN0050,0.3528860025129336,2,COD,420.13,27.1,beauty,1,39,0,1,44,0,0,0.266,0,0.621
ORD001405,PIN0219,0.1075270431373715,3,COD,1399.63,24.8,apparel,0,58,0,1,222,1,0,0.137,0,0.315
ORD001406,PIN0282,0.1658490060269755,3,COD,1075.55,14.3,apparel,0,44,0,1,212,3,0,0.149,0,0.313
ORD001407,PIN0037,0.2736753601098101,2,COD,1329.56,24.0,electronics,0,80,1,1,22,1,0,0.203,0,0.463
ORD001408,PIN0184,0.2948675343213751,3,COD,356.68,5.1,apparel,0,57,1,1,189,2,1,0.251,0,0.297
ORD001409,PIN0168,0.09176533396817868,2,Prepaid,588.43,17.6,apparel,0,30,1,1,57,0,0,0.121,0,0.026
ORD001410,PIN0166,0.31626333508388804,3,COD,1974.32,14.3,beauty,0,54,1,0,450,3,1,0.218,1,0.619
ORD001411,PIN0147,0.11813379126648295,2,Prepaid,1205.35,18.2,beauty,0,48,0,1,57,0,0,0.194,0,0.05
ORD001412,PIN0148,0.06319411057424783,2,COD,1151.33,0.0,electronics,1,72,0,1,430,10,1,0.073,0,0.262
ORD001413,PIN0063,0.08371105588997728,2,COD,875.9,37.4,footwear,0,61,0,1,270,4,0,0.063,1,0.316
ORD001414,PIN0149,0.03702292684201334,2,COD,543.22,34.4,apparel,0,46,1,1,203,5,0,0.055,0,0.199
ORD001415,PIN0220,0.4411853605605627,2,COD,2352.68,1.2,footwear,1,79,0,1,66,1,0,0.321,0,0.596
ORD001416,PIN0146,0.36719789136152997,3,Prepaid,2622.88,21.9,home,1,56,0,1,201,4,1,0.242,0,0.186
ORD001417,PIN0068,0.10820352955491426,2,Prepaid,1110.08,0.0,footwear,1,57,1,1,91,1,0,0.073,0,0.027
ORD001418,PIN0125,0.16208424984251227,2,Prepaid,948.34,16.0,beauty,1,75,0,1,16,0,0,0.121,0,0.11
ORD001419,PIN0059,0.028176366197176325,2,COD,2753.03,0.0,apparel,1,62,1,1,565,5,1,0.186,1,0.268
ORD001420,PIN0184,0.2948675343213751,3,Prepaid,603.35,11.5,home,1,49,1,1,552,7,2,0.255,0,0.071
ORD001421,PIN0295,0.039989515935606415,2,COD,730.29,9.1,footwear,1,43,1,1,689,10,0,0.039,0,0.19
ORD001422,PIN0254,0.07646704519158327,1,Prepaid,1910.23,28.9,home,0,5,1,1,604,13,2,0.146,0,0.082
ORD001423,PIN0238,0.19595485581764938,1,COD,720.29,35.0,footwear,1,8,1,1,208,2,0,0.122,0,0.625
ORD001424,PIN0061,0.017546598413318317,2,COD,1062.48,35.3,apparel,0,42,0,1,349,6,1,0.134,0,0.304
ORD001425,PIN0288,0.1006295496297796,1,COD,115.32,28.9,footwear,1,33,1,1,28,1,0,0.164,0,0.456
ORD001426,PIN0190,0.2448648372778589,2,COD,2665.31,16.0,footwear,0,45,0,1,345,5,1,0.271,1,0.501
ORD001427,PIN0136,0.02334406143818844,1,COD,1799.1,19.7,footwear,1,65,1,1,763,15,1,0.063,0,0.22
ORD001428,PIN0290,0.12660614737952092,2,Prepaid,2242.12,19.6,beauty,0,29,0,1,505,9,2,0.222,0,0.055
ORD001429,PIN0033,0.04435552253412907,2,Prepaid,474.45,0.8,footwear,0,13,1,1,100,1,0,0.087,0,0.044
ORD001430,PIN0220,0.4411853605605627,2,Prepaid,3059.05,28.8,beauty,0,19,1,0,36,1,0,0.293,1,0.573
ORD001431,PIN0025,0.18879443382778816,3,COD,988.53,23.3,electronics,1,25,0,1,95,0,0,0.191,0,0.472
ORD001432,PIN0067,0.19354303656750937,3,Prepaid,2376.29,23.8,footwear,1,22,0,1,133,3,1,0.167,0,0.206
ORD001433,PIN0001,0.19426107661547698,1,COD,1372.05,0.0,apparel,1,45,0,1,127,2,0,0.225,1,0.397
ORD001434,PIN0239,0.03046948595756026,3,COD,1857.7,20.4,footwear,0,75,1,0,393,3,0,0.095,1,0.413
ORD001435,PIN0283,0.3251461237517792,3,COD,1449.69,27.1,electronics,0,57,0,1,161,1,0,0.25,1,0.503
ORD001436,PIN0121,0.1678902033753326,1,COD,715.74,14.8,apparel,1,58,1,1,41,0,0,0.276,0,0.36
ORD001437,PIN0252,0.13392418026200584,1,Prepaid,232.0,9.0,beauty,0,49,0,1,12,0,0,0.08,0,0.061
ORD001438,PIN0266,0.20105193051315587,2,COD,2502.1,0.0,beauty,0,20,1,1,29,0,0,0.2,1,0.644
ORD001439,PIN0144,0.364923011242039,1,COD,58.03,0.0,apparel,1,89,1,1,159,3,1,0.303,1,0.428
ORD001440,PIN0079,0.33273636798380235,2,Prepaid,2002.97,16.9,home,0,38,1,1,72,0,0,0.322,0,0.067
ORD001441,PIN0225,0.17899813687380903,1,COD,2499.9,12.2,electronics,0,60,1,0,119,1,0,0.118,0,0.48
ORD001442,PIN0128,0.5348421327697304,1,Prepaid,297.1,12.0,home,0,5,1,1,53,0,0,0.384,0,0.247
ORD001443,PIN0158,0.26324195978453147,1,COD,749.15,33.3,apparel,0,43,0,1,464,13,4,0.299,1,0.515
ORD001444,PIN0259,0.3688193464675404,1,Prepaid,263.86,0.0,apparel,1,41,1,1,11,0,0,0.275,1,0.121
ORD001445,PIN0192,0.18423061753085718,2,Prepaid,629.6,10.9,apparel,1,39,1,1,358,4,1,0.138,0,0.044
ORD001446,PIN0294,0.040004163438341296,1,Prepaid,2217.06,35.3,apparel,0,16,0,1,39,1,0,0.235,0,0.144
ORD001447,PIN0122,0.19225689255239523,2,Prepaid,1842.88,11.3,home,0,48,1,1,237,2,0,0.178,0,0.034
ORD001448,PIN0067,0.19354303656750937,3,Prepaid,1672.21,15.8,electronics,0,69,1,1,3,0,0,0.252,0,0.07
ORD001449,PIN0158,0.26324195978453147,1,Prepaid,753.5,12.9,home,0,86,1,1,238,6,1,0.166,0,0.04
ORD001450,PIN0277,0.19920035272973524,1,COD,68.44,23.5,home,1,77,1,1,127,1,0,0.262,0,0.405
ORD001451,PIN0026,0.06540982224658476,3,COD,341.55,0.0,apparel,0,70,1,1,1,0,0,0.066,0,0.211
ORD001452,PIN0010,0.10588038760562166,2,Prepaid,875.84,12.6,footwear,0,79,1,1,318,5,1,0.11,0,0.025
ORD001453,PIN0036,0.08284178114735373,3,COD,417.47,15.7,home,0,81,0,1,347,4,1,0.133,0,0.27
ORD001454,PIN0137,0.22319119485139746,1,COD,2017.91,3.0,apparel,0,26,1,1,448,10,1,0.134,0,0.214
ORD001455,PIN0238,0.19595485581764938,1,COD,3123.79,19.1,beauty,0,50,0,1,287,5,1,0.167,1,0.433
ORD001456,PIN0231,0.3765652302855751,1,COD,1364.25,24.4,electronics,0,19,0,1,15,0,0,0.23,1,0.831
ORD001457,PIN0055,0.14581959327557492,2,COD,293.42,20.4,electronics,1,55,1,0,102,1,0,0.174,0,0.616
ORD001458,PIN0109,0.08188580156604809,1,Prepaid,2564.71,36.4,electronics,1,40,1,1,462,10,1,0.063,0,0.062
ORD001459,PIN0069,0.4466472261075709,1,Prepaid,1152.04,9.8,electronics,0,41,0,1,219,3,1,0.302,0,0.111
ORD001460,PIN0266,0.20105193051315587,2,Prepaid,1036.38,21.0,electronics,0,39,1,1,71,1,0,0.141,0,0.037
ORD001461,PIN0244,0.13787685502575003,2,COD,1573.54,20.7,electronics,0,5,1,1,551,17,2,0.112,0,0.433
ORD001462,PIN0259,0.3688193464675404,1,COD,356.01,12.2,beauty,0,6,1,1,500,5,2,0.303,1,0.628
ORD001463,PIN0039,0.17227556210050016,3,Prepaid,763.88,28.6,home,0,62,1,1,150,4,1,0.178,0,0.042
ORD001464,PIN0037,0.2736753601098101,2,COD,981.81,18.5,apparel,1,31,0,1,55,1,0,0.18,0,0.498
ORD001465,PIN0144,0.364923011242039,1,Prepaid,1278.78,0.6,apparel,1,65,1,1,137,2,0,0.225,0,0.067
ORD001466,PIN0281,0.08231136897158131,2,COD,1376.63,24.0,electronics,0,41,1,1,195,2,0,0.072,0,0.195
ORD001467,PIN0235,0.29986877685320723,2,Prepaid,1571.56,9.0,electronics,0,13,1,1,205,1,0,0.254,0,0.12
ORD001468,PIN0128,0.5348421327697304,1,COD,644.29,11.1,beauty,0,16,1,1,153,2,1,0.349,0,0.731
ORD001469,PIN0055,0.14581959327557492,2,Prepaid,184.85,12.0,beauty,0,31,1,1,49,0,0,0.165,0,0.03
ORD001470,PIN0180,0.24279939684606877,3,Prepaid,868.81,23.8,apparel,0,26,1,1,678,8,1,0.179,0,0.046
ORD001471,PIN0206,0.12920022168358922,2,COD,957.37,27.9,beauty,0,43,0,1,18,0,0,0.146,1,0.474
ORD001472,PIN0225,0.17899813687380903,1,Prepaid,175.48,13.1,electronics,0,50,1,1,55,0,0,0.144,0,0.032
ORD001473,PIN0238,0.19595485581764938,1,COD,614.6,12.4,electronics,0,51,1,1,524,12,2,0.166,1,0.24
ORD001474,PIN0252,0.13392418026200584,1,Prepaid,1193.06,0.0,beauty,1,49,0,1,63,0,0,0.087,0,0.046
ORD001475,PIN0000,0.17388674862848544,2,Prepaid,699.15,6.5,beauty,1,62,1,1,300,1,0,0.229,0,0.048
ORD001476,PIN0142,0.16802011769598604,3,COD,1156.87,3.6,beauty,0,65,1,1,5,0,0,0.192,1,0.318
ORD001477,PIN0254,0.07646704519158327,1,COD,673.8,18.7,footwear,1,26,0,1,92,0,0,0.106,1,0.348
ORD001478,PIN0099,0.22455714953226596,3,Prepaid,1655.7,13.7,electronics,0,7,0,1,6,0,0,0.208,1,0.232
ORD001479,PIN0295,0.039989515935606415,2,COD,448.87,4.1,footwear,1,31,1,1,50,0,0,0.03,0,0.175
ORD001480,PIN0071,0.18347397774733312,3,Prepaid,1046.5,16.8,footwear,0,46,0,1,419,2,1,0.258,0,0.064
ORD001481,PIN0263,0.16689791901383302,2,Prepaid,1086.11,14.2,apparel,0,34,0,0,140,1,0,0.167,0,0.149
ORD001482,PIN0144,0.364923011242039,1,Prepaid,1963.67,0.0,footwear,0,57,1,1,23,0,0,0.253,0,0.081
ORD001483,PIN0189,0.43907579834176413,3,COD,797.3,28.3,electronics,0,18,1,1,223,3,1,0.265,1,0.708
ORD001484,PIN0069,0.4466472261075709,1,Prepaid,3094.37,27.1,footwear,0,76,0,1,42,2,1,0.299,0,0.187
ORD001485,PIN0178,0.056718874516770906,3,Prepaid,3015.37,12.1,footwear,1,60,1,1,713,16,2,0.146,0,0.047
ORD001486,PIN0058,0.26591533886111357,2,COD,476.42,19.2,electronics,0,37,0,1,151,2,0,0.154,1,0.389
ORD001487,PIN0115,0.13725424899347285,2,COD,1022.95,11.1,apparel,1,29,0,1,5,0,0,0.087,1,0.476
ORD001488,PIN0077,0.1899019233140115,1,COD,324.49,0.0,home,1,41,1,1,321,3,0,0.166,0,0.272
ORD001489,PIN0229,0.08567069914876634,3,COD,1484.36,41.0,electronics,0,67,0,1,1288,32,5,0.161,0,0.374
ORD001490,PIN0011,0.23995645601446844,2,Prepaid,691.01,24.0,home,1,37,1,1,0,0,0,0.214,0,0.117
ORD001491,PIN0079,0.33273636798380235,2,COD,1140.05,26.3,electronics,0,33,0,0,49,0,0,0.258,0,0.776
ORD001492,PIN0223,0.05020633497131692,2,Prepaid,850.62,11.6,beauty,0,44,0,1,328,4,0,0.066,0,0.03
ORD001493,PIN0110,0.3357736090153051,3,COD,5408.44,28.5,electronics,0,19,1,1,36,0,0,0.177,1,0.689
ORD001494,PIN0262,0.32304958607289985,3,COD,931.09,0.0,home,0,66,1,1,150,1,0,0.199,1,0.272
ORD001495,PIN0106,0.16299644770966804,2,COD,867.29,12.1,beauty,0,57,0,0,80,1,0,0.124,1,0.582
ORD001496,PIN0197,0.18829990136395383,3,Prepaid,2054.28,23.9,home,0,63,1,1,6,1,0,0.19,1,0.07
ORD001497,PIN0250,0.1327130862470537,1,Prepaid,2261.84,7.5,footwear,1,72,1,1,11,0,0,0.174,0,0.067
ORD001498,PIN0213,0.38875728814876137,1,COD,1267.93,25.9,home,1,29,1,1,429,13,4,0.269,0,0.532
ORD001499,PIN0172,0.1792836304796501,2,Prepaid,2305.49,18.6,beauty,0,45,0,1,449,6,1,0.117,0,0.05
ORD001500,PIN0198,0.40458255867058707,2,COD,4822.67,17.5,apparel,0,43,1,1,28,2,1,0.305,1,0.644
ORD001501,PIN0263,0.16689791901383302,2,COD,814.7,6.4,electronics,1,76,0,1,61,1,0,0.106,0,0.351
ORD001502,PIN0073,0.15856417771242562,3,COD,363.32,19.9,beauty,0,36,1,1,613,16,2,0.143,0,0.238
ORD001503,PIN0212,0.27274932736149954,1,Prepaid,1401.7,38.2,apparel,1,9,0,1,169,3,0,0.162,0,0.283
ORD001504,PIN0119,0.23800736951799512,3,Prepaid,2158.12,17.1,home,0,35,1,1,111,3,1,0.211,0,0.044
ORD001505,PIN0088,0.1692829165704169,3,Prepaid,2926.49,21.7,apparel,0,62,0,1,11,0,0,0.155,0,0.123
ORD001506,PIN0204,0.18053165217789413,3,COD,1590.38,23.4,apparel,0,55,0,0,236,6,1,0.106,1,0.628
ORD001507,PIN0249,0.18175191628401088,2,COD,1066.56,1.3,beauty,0,43,0,0,443,5,1,0.143,0,0.559
ORD001508,PIN0164,0.05853294876169379,1,Prepaid,541.78,13.4,home,1,37,1,1,220,6,1,0.108,0,0.032
ORD001509,PIN0293,0.4388590532716878,3,COD,2509.15,13.0,electronics,0,51,0,0,473,11,3,0.258,1,0.833
ORD001510,PIN0043,0.037347311003300854,1,Prepaid,1317.49,0.0,home,1,56,1,1,68,1,0,0.153,0,0.027
ORD001511,PIN0186,0.16987614693511896,2,Prepaid,190.21,24.5,footwear,0,49,0,1,123,2,0,0.138,0,0.056
ORD001512,PIN0118,0.10553235910087899,1,COD,3812.06,3.8,apparel,1,38,0,0,210,1,0,0.131,1,0.687
ORD001513,PIN0257,0.41431705315609935,3,Prepaid,385.18,23.2,footwear,1,44,0,1,303,7,2,0.242,1,0.159
ORD001514,PIN0157,0.12089371859732742,3,Prepaid,2186.4,5.9,beauty,0,34,1,1,95,1,0,0.095,0,0.022
ORD001515,PIN0048,0.05953686130987361,2,COD,1238.1,39.5,electronics,1,65,1,0,144,1,0,0.041,1,0.578
ORD001516,PIN0183,0.021054208464102726,1,Prepaid,207.07,11.7,home,1,42,1,1,235,2,0,0.056,0,0.026
ORD001517,PIN0045,0.11778983919317748,1,Prepaid,972.79,38.1,home,1,26,1,1,35,0,0,0.147,0,0.059
ORD001518,PIN0008,0.21382156642365382,1,COD,816.58,12.9,home,0,90,1,0,261,5,1,0.27,1,0.579
ORD001519,PIN0290,0.12660614737952092,2,Prepaid,263.69,14.4,electronics,1,30,0,0,430,15,2,0.113,0,0.174
ORD001520,PIN0029,0.47671536580943735,1,COD,1481.59,33.8,apparel,0,27,0,1,18,0,0,0.408,1,0.794
ORD001521,PIN0256,0.1279375750248723,2,Prepaid,1976.17,4.0,electronics,1,20,0,1,484,9,1,0.107,0,0.124
ORD001522,PIN0207,0.24185758785987585,3,Prepaid,1026.32,15.6,beauty,1,31,1,1,118,3,1,0.208,0,0.062
ORD001523,PIN0275,0.14779913792267438,3,Prepaid,798.88,21.5,beauty,0,59,0,0,192,4,1,0.147,0,0.154
ORD001524,PIN0260,0.0909392930689977,3,COD,1564.53,19.8,footwear,1,13,1,1,143,2,0,0.067,1,0.474
ORD001525,PIN0296,0.18053002044469238,2,Prepaid,37.44,15.5,electronics,0,48,1,1,297,4,1,0.204,0,0.037
ORD001526,PIN0288,0.1006295496297796,1,COD,726.67,13.9,home,0,33,1,1,310,6,1,0.112,0,0.188
ORD001527,PIN0070,0.15029321287037345,2,COD,772.29,25.2,home,0,28,1,1,71,1,0,0.12,0,0.242
ORD001528,PIN0263,0.16689791901383302,2,COD,1052.34,17.1,home,0,10,1,1,179,6,1,0.145,1,0.451
ORD001529,PIN0244,0.13787685502575003,2,Prepaid,246.55,26.6,footwear,0,44,1,1,190,5,1,0.131,0,0.035
ORD001530,PIN0038,0.1659381340634445,2,COD,134.89,19.7,footwear,0,10,1,1,121,2,0,0.183,0,0.48
ORD001531,PIN0209,0.12881420639621405,1,COD,421.46,22.8,apparel,0,39,1,1,46,1,0,0.086,0,0.214
ORD001532,PIN0157,0.12089371859732742,3,Prepaid,1464.79,28.6,footwear,0,51,1,1,88,2,0,0.166,0,0.037
ORD001533,PIN0230,0.21027956975533948,2,COD,761.51,11.3,footwear,0,5,1,1,259,3,0,0.118,0,0.441
ORD001534,PIN0003,0.21173917998291497,1,COD,418.82,28.3,apparel,0,58,1,1,51,0,0,0.136,0,0.287
ORD001535,PIN0178,0.056718874516770906,3,COD,3422.88,13.1,beauty,0,5,1,1,751,14,2,0.125,1,0.441
ORD001536,PIN0091,0.14455891564261608,1,COD,798.3,0.0,beauty,0,81,1,1,131,3,0,0.141,0,0.178
ORD001537,PIN0177,0.06227004072474524,3,Prepaid,1057.28,11.0,beauty,0,41,0,1,30,0,0,0.088,0,0.032
ORD001538,PIN0042,0.1286804329749095,2,COD,2483.24,6.3,footwear,0,27,0,1,292,3,0,0.071,1,0.238
ORD001539,PIN0070,0.15029321287037345,2,COD,1178.05,19.5,footwear,0,49,1,1,60,1,0,0.188,0,0.25
ORD001540,PIN0008,0.21382156642365382,1,Prepaid,1553.29,11.6,apparel,0,26,0,1,59,1,0,0.159,0,0.052
ORD001541,PIN0159,0.04758322169027929,3,Prepaid,518.18,16.5,apparel,0,5,1,1,479,8,1,0.124,0,0.061
ORD001542,PIN0025,0.18879443382778816,3,Prepaid,1101.88,27.2,apparel,0,67,1,1,225,2,0,0.11,0,0.038
ORD001543,PIN0225,0.17899813687380903,1,Prepaid,3135.02,32.8,footwear,1,38,0,1,391,6,1,0.11,0,0.118
ORD001544,PIN0261,0.3559963391748867,2,Prepaid,1412.92,18.5,apparel,0,46,1,0,96,0,0,0.218,0,0.175
ORD001545,PIN0116,0.19943366426208856,2,COD,1266.5,28.0,beauty,0,41,0,1,46,0,0,0.144,1,0.38
ORD001546,PIN0101,0.22588461465675833,2,Prepaid,864.07,12.9,home,1,28,0,1,88,0,0,0.217,0,0.088
ORD001547,PIN0094,0.2827977123570768,3,Prepaid,319.81,0.0,apparel,1,22,0,1,123,3,1,0.17,0,0.179
ORD001548,PIN0024,0.2513226518182671,3,COD,2302.28,0.8,apparel,0,59,0,1,334,2,1,0.333,0,0.392
ORD001549,PIN0174,0.3104143033084286,1,COD,993.43,12.7,footwear,0,55,1,0,158,5,1,0.182,1,0.592
ORD001550,PIN0020,0.20505061420655793,1,COD,586.28,24.5,electronics,1,44,1,1,0,1,0,0.167,0,0.502
ORD001551,PIN0022,0.2903842384680754,2,Prepaid,285.85,12.7,electronics,0,65,0,0,290,7,3,0.361,0,0.253
ORD001552,PIN0128,0.5348421327697304,1,Prepaid,1315.66,29.2,electronics,0,43,1,1,26,0,0,0.354,0,0.209
ORD001553,PIN0022,0.2903842384680754,2,Prepaid,372.86,37.0,apparel,0,67,1,1,81,1,0,0.25,0,0.072
ORD001554,PIN0155,0.06950314701364126,3,COD,2316.31,4.3,electronics,0,74,1,1,321,8,0,0.042,0,0.138
ORD001555,PIN0229,0.08567069914876634,3,COD,616.97,40.5,apparel,1,66,1,1,844,12,1,0.123,0,0.342
ORD001556,PIN0281,0.08231136897158131,2,COD,1120.52,0.0,apparel,0,53,1,1,554,5,1,0.176,0,0.167
ORD001557,PIN0112,0.24386188263641523,2,COD,1392.52,37.2,apparel,1,24,1,1,108,2,0,0.213,1,0.699
ORD001558,PIN0064,0.13292062134901952,2,Prepaid,1276.55,14.6,beauty,0,53,1,1,167,6,1,0.24,0,0.035
ORD001559,PIN0045,0.11778983919317748,1,Prepaid,1980.79,12.2,apparel,0,35,0,1,329,6,0,0.081,0,0.037
ORD001560,PIN0038,0.1659381340634445,2,Prepaid,667.3,14.9,apparel,1,59,0,1,500,14,3,0.23,0,0.081
ORD001561,PIN0185,0.1994521638100538,2,Prepaid,1063.0,5.4,footwear,0,77,0,1,133,5,1,0.199,0,0.05
ORD001562,PIN0052,0.28899282241905344,2,Prepaid,1614.98,33.0,beauty,1,43,1,1,52,1,0,0.413,0,0.129
ORD001563,PIN0288,0.1006295496297796,1,COD,2933.7,6.7,footwear,0,22,1,1,134,4,1,0.242,1,0.499
ORD001564,PIN0207,0.24185758785987585,3,COD,1882.64,8.2,home,0,59,0,1,436,7,2,0.281,1,0.391
ORD001565,PIN0161,0.13247688971241237,1,COD,2134.92,0.0,electronics,0,44,1,1,193,3,1,0.254,0,0.208
ORD001566,PIN0053,0.25942751057307656,3,COD,815.09,6.2,beauty,0,75,0,1,279,6,1,0.208,0,0.36
ORD001567,PIN0140,0.21265385060190026,3,COD,1412.37,6.6,footwear,1,46,1,0,52,1,0,0.16,1,0.593
ORD001568,PIN0118,0.10553235910087899,1,COD,2650.25,5.8,electronics,0,43,0,1,65,1,0,0.195,0,0.343
ORD001569,PIN0096,0.08766139781561612,2,Prepaid,1022.25,12.9,apparel,0,46,1,1,460,11,1,0.054,0,0.021
ORD001570,PIN0033,0.04435552253412907,2,COD,1418.52,1.6,apparel,1,51,1,1,487,10,1,0.131,0,0.201
ORD001571,PIN0183,0.021054208464102726,1,Prepaid,220.7,34.1,footwear,0,5,1,1,300,4,0,0.041,0,0.065
ORD001572,PIN0054,0.2536131832355048,3,Prepaid,1728.37,13.2,apparel,0,28,0,1,1,0,0,0.254,0,0.116
ORD001573,PIN0105,0.41334614884396115,1,Prepaid,1256.45,19.5,footwear,0,67,1,1,434,4,1,0.375,0,0.092
ORD001574,PIN0268,0.04836706407883637,2,Prepaid,1647.54,25.3,beauty,0,31,1,1,47,1,0,0.051,0,0.024
ORD001575,PIN0266,0.20105193051315587,2,COD,831.05,39.3,beauty,0,44,0,1,351,6,1,0.114,1,0.412
ORD001576,PIN0081,0.269057773400945,2,Prepaid,166.18,25.9,electronics,0,40,0,0,151,1,0,0.215,1,0.231
ORD001577,PIN0078,0.1819352724912822,3,COD,1786.89,12.0,electronics,1,31,1,1,52,0,0,0.134,1,0.295
ORD001578,PIN0254,0.07646704519158327,1,Prepaid,581.65,2.1,apparel,0,41,0,1,475,5,0,0.088,0,0.029
ORD001579,PIN0029,0.47671536580943735,1,COD,248.33,19.1,home,0,24,0,1,20,2,1,0.261,0,0.859
ORD001580,PIN0268,0.04836706407883637,2,COD,1192.52,27.7,home,0,15,1,1,244,5,1,0.106,0,0.405
ORD001581,PIN0063,0.08371105588997728,2,Prepaid,3191.34,16.7,beauty,0,49,0,0,106,3,0,0.063,0,0.145
ORD001582,PIN0135,0.05321067711925716,1,Prepaid,507.14,15.8,electronics,0,77,0,0,154,3,0,0.076,0,0.103
ORD001583,PIN0070,0.15029321287037345,2,COD,602.57,17.6,beauty,1,59,1,1,648,17,3,0.153,1,0.307
ORD001584,PIN0064,0.13292062134901952,2,Prepaid,1850.67,0.0,electronics,1,60,0,1,232,2,0,0.108,0,0.048
ORD001585,PIN0234,0.1283935139587208,2,COD,894.91,16.8,footwear,0,66,1,1,1232,26,3,0.117,0,0.208
ORD001586,PIN0116,0.19943366426208856,2,Prepaid,1782.44,23.8,apparel,0,49,1,0,91,1,0,0.18,1,0.128
ORD001587,PIN0270,0.05871297016687864,3,COD,856.81,14.5,footwear,0,45,1,1,360,3,0,0.108,0,0.173
ORD001588,PIN0187,0.029518437279599245,3,COD,749.54,28.5,beauty,0,27,1,1,1197,20,1,0.053,0,0.181
ORD001589,PIN0234,0.1283935139587208,2,COD,529.75,28.9,beauty,0,60,1,1,436,8,1,0.076,0,0.228
ORD001590,PIN0033,0.04435552253412907,2,COD,1340.12,9.0,electronics,1,50,0,1,320,4,0,0.073,1,0.282
ORD001591,PIN0280,0.20881393589165134,1,COD,526.76,20.3,beauty,0,31,1,1,469,12,3,0.217,0,0.291
ORD001592,PIN0003,0.21173917998291497,1,COD,712.48,15.5,apparel,0,38,0,1,308,5,1,0.192,1,0.361
ORD001593,PIN0297,0.37085986126357623,1,COD,2290.79,0.0,electronics,1,22,0,1,610,10,3,0.25,1,0.741
ORD001594,PIN0181,0.2557297621445905,3,COD,4122.22,12.8,electronics,0,55,0,1,17,0,0,0.281,1,0.634
ORD001595,PIN0096,0.08766139781561612,2,COD,1466.98,2.6,apparel,1,75,0,0,148,4,1,0.134,1,0.598
ORD001596,PIN0082,0.22315030234183808,1,COD,2352.28,16.6,apparel,1,22,1,1,6,0,0,0.173,1,0.716
ORD001597,PIN0118,0.10553235910087899,1,Prepaid,785.12,23.2,footwear,0,65,1,1,44,0,0,0.186,0,0.034
ORD001598,PIN0164,0.05853294876169379,1,Prepaid,873.29,12.4,footwear,0,69,0,1,1225,16,2,0.117,0,0.034
ORD001599,PIN0262,0.32304958607289985,3,COD,1234.91,4.2,electronics,0,21,1,1,601,6,2,0.31,1,0.574
ORD001600,PIN0115,0.13725424899347285,2,Prepaid,589.29,17.8,apparel,0,5,1,1,350,6,1,0.243,0,0.094
ORD001601,PIN0166,0.31626333508388804,3,COD,740.79,44.3,electronics,1,46,0,1,15,1,0,0.255,1,0.772
ORD001602,PIN0240,0.12395838000505166,1,COD,1739.51,0.0,footwear,1,41,1,1,8,0,0,0.079,0,0.317
ORD001603,PIN0226,0.2118414911064497,2,Prepaid,1082.1,17.8,home,1,40,1,1,213,2,1,0.28,0,0.068
ORD001604,PIN0159,0.04758322169027929,3,Prepaid,948.04,8.5,footwear,1,67,0,1,50,2,0,0.073,0,0.042
ORD001605,PIN0062,0.031535551983626044,2,Prepaid,912.05,9.9,home,0,37,1,1,101,1,0,0.048,0,0.02
ORD001606,PIN0034,0.39537657042824204,3,COD,424.42,13.7,home,0,93,1,1,255,1,0,0.28,0,0.396
ORD001607,PIN0042,0.1286804329749095,2,Prepaid,1200.69,10.9,apparel,0,14,1,1,362,5,1,0.17,0,0.073
ORD001608,PIN0090,0.19046889692497532,2,COD,589.65,22.2,apparel,0,27,1,1,255,5,1,0.18,0,0.274
ORD001609,PIN0178,0.056718874516770906,3,COD,218.2,12.1,footwear,0,27,0,1,290,8,1,0.064,0,0.222
ORD001610,PIN0278,0.07557933624203365,3,COD,369.77,0.0,apparel,0,41,0,1,419,1,0,0.208,0,0.245
ORD001611,PIN0002,0.2817196880794777,2,Prepaid,925.73,30.4,apparel,0,73,0,1,9,0,0,0.167,0,0.135
ORD001612,PIN0128,0.5348421327697304,1,COD,1639.84,28.6,footwear,0,22,0,1,57,0,0,0.374,0,0.856
ORD001613,PIN0092,0.048514119952498914,3,Prepaid,1954.23,7.7,home,0,26,0,1,63,1,0,0.162,0,0.034
ORD001614,PIN0261,0.3559963391748867,2,Prepaid,289.02,15.6,apparel,0,32,0,1,686,10,2,0.206,0,0.084
ORD001615,PIN0200,0.08728917709623112,2,Prepaid,1524.81,29.6,beauty,0,43,0,1,157,4,1,0.143,0,0.05
ORD001616,PIN0009,0.3673856466563359,3,Prepaid,3321.26,27.4,apparel,0,48,0,1,445,5,1,0.293,0,0.159
ORD001617,PIN0011,0.23995645601446844,2,Prepaid,2023.19,31.3,apparel,0,37,0,0,449,8,2,0.212,0,0.233
ORD001618,PIN0098,0.2377937294785135,1,COD,1166.18,19.5,apparel,1,19,0,1,230,5,1,0.196,1,0.72
ORD001619,PIN0296,0.18053002044469238,2,COD,1239.08,24.2,home,0,43,1,1,198,1,0,0.235,0,0.298
ORD001620,PIN0087,0.40978203380181466,3,Prepaid,1141.08,31.9,apparel,0,73,0,1,222,3,1,0.249,1,0.129
ORD001621,PIN0189,0.43907579834176413,3,COD,696.97,10.9,footwear,0,63,1,1,230,6,2,0.359,1,0.449
ORD001622,PIN0130,0.2313331139934696,2,COD,2091.58,20.3,apparel,1,35,0,1,48,1,0,0.267,1,0.523
ORD001623,PIN0221,0.18271973881483156,3,COD,459.22,0.0,apparel,0,46,1,1,479,7,2,0.217,0,0.216
ORD001624,PIN0233,0.1714469140567701,2,COD,1212.67,0.0,apparel,0,54,0,1,56,0,0,0.162,1,0.272
ORD001625,PIN0226,0.2118414911064497,2,COD,213.91,21.0,home,1,62,1,1,121,1,0,0.157,0,0.354
ORD001626,PIN0029,0.47671536580943735,1,COD,2224.66,22.8,footwear,0,75,1,1,183,4,1,0.285,0,0.484
ORD001627,PIN0122,0.19225689255239523,2,Prepaid,1176.35,10.4,apparel,1,50,1,1,570,19,3,0.145,0,0.045
ORD001628,PIN0080,0.14032323686687975,3,COD,267.5,7.7,beauty,0,21,0,1,68,1,0,0.119,0,0.494
ORD001629,PIN0127,0.4135814221350584,2,Prepaid,2746.95,10.7,apparel,1,14,1,1,104,1,0,0.224,0,0.263
ORD001630,PIN0129,0.04271815136040225,2,Prepaid,981.63,17.3,apparel,0,57,0,1,603,6,1,0.161,0,0.039
ORD001631,PIN0001,0.19426107661547698,1,COD,333.03,0.0,apparel,0,16,0,1,4,0,0,0.194,1,0.663
ORD001632,PIN0180,0.24279939684606877,3,Prepaid,3520.39,20.6,apparel,1,61,1,1,1132,15,3,0.178,0,0.086
ORD001633,PIN0113,0.23619703608082426,3,Prepaid,858.55,15.4,footwear,0,33,0,1,870,10,2,0.223,1,0.066
ORD001634,PIN0203,0.15412845945996423,1,Prepaid,537.64,18.0,beauty,0,20,1,0,310,6,1,0.127,0,0.225
ORD001635,PIN0206,0.12920022168358922,2,COD,1257.56,13.5,footwear,0,55,1,1,291,5,1,0.133,0,0.204
ORD001636,PIN0190,0.2448648372778589,2,COD,372.46,0.0,footwear,0,24,0,0,213,3,1,0.17,1,0.804
ORD001637,PIN0076,0.3281745219329262,2,COD,696.98,1.8,home,0,54,0,1,550,12,2,0.205,0,0.38
ORD001638,PIN0048,0.05953686130987361,2,Prepaid,2531.89,33.3,electronics,1,48,1,1,138,5,1,0.149,0,0.066
ORD001639,PIN0036,0.08284178114735373,3,Prepaid,875.4,7.3,apparel,0,6,1,1,126,3,0,0.113,0,0.056
ORD001640,PIN0049,0.161172247730865,2,Prepaid,1460.58,24.7,apparel,1,73,1,1,70,1,0,0.13,0,0.051
ORD001641,PIN0270,0.05871297016687864,3,Prepaid,2609.62,2.0,apparel,0,70,1,1,594,9,1,0.088,0,0.025
ORD001642,PIN0073,0.15856417771242562,3,Prepaid,853.64,14.8,apparel,1,64,0,1,125,2,0,0.17,1,0.071
ORD001643,PIN0071,0.18347397774733312,3,Prepaid,517.63,9.7,apparel,0,64,1,1,144,3,1,0.215,0,0.035
ORD001644,PIN0280,0.20881393589165134,1,COD,1661.74,11.6,home,0,30,0,1,244,3,0,0.13,0,0.318
ORD001645,PIN0080,0.14032323686687975,3,Prepaid,319.89,10.9,electronics,0,68,1,1,78,0,0,0.095,0,0.025
ORD001646,PIN0180,0.24279939684606877,3,COD,467.6,32.3,beauty,1,60,0,0,39,0,0,0.234,1,0.812
ORD001647,PIN0092,0.048514119952498914,3,COD,259.92,38.1,electronics,0,5,1,1,786,13,1,0.115,0,0.452
ORD001648,PIN0102,0.11660942773280061,3,COD,2483.07,17.9,apparel,0,25,1,0,147,2,0,0.168,0,0.491
ORD001649,PIN0263,0.16689791901383302,2,Prepaid,1109.88,10.0,apparel,0,29,0,1,225,6,1,0.201,0,0.05
ORD001650,PIN0188,0.07732592795057032,3,COD,1706.67,0.0,beauty,0,74,1,0,143,4,0,0.125,0,0.374
ORD001651,PIN0009,0.3673856466563359,3,COD,496.15,0.0,footwear,1,25,1,1,495,9,2,0.221,0,0.39
ORD001652,PIN0162,0.025305057507046393,1,COD,1418.82,32.4,home,0,33,1,0,179,4,0,0.067,0,0.445
ORD001653,PIN0253,0.21270011367388433,2,COD,1454.98,0.0,footwear,0,19,0,1,217,3,0,0.161,1,0.526
ORD001654,PIN0068,0.10820352955491426,2,COD,3508.4,9.7,electronics,1,35,1,1,285,5,1,0.129,0,0.317
ORD001655,PIN0121,0.1678902033753326,1,Prepaid,1603.8,16.9,footwear,0,65,0,1,80,1,0,0.148,0,0.05
ORD001656,PIN0141,0.07604489038465068,2,Prepaid,1951.0,0.0,home,0,16,1,1,85,1,0,0.104,0,0.048
ORD001657,PIN0099,0.22455714953226596,3,COD,1177.4,0.0,footwear,0,54,1,1,458,8,1,0.165,0,0.216
ORD001658,PIN0128,0.5348421327697304,1,COD,47.82,0.0,apparel,1,27,0,1,101,4,1,0.369,1,0.666
ORD001659,PIN0034,0.39537657042824204,3,COD,1327.62,7.0,footwear,1,82,1,1,81,1,0,0.242,1,0.445
ORD001660,PIN0198,0.40458255867058707,2,COD,920.61,18.1,beauty,0,47,1,1,26,1,0,0.269,1,0.55
ORD001661,PIN0016,0.10870802136456358,1,Prepaid,885.33,27.3,electronics,1,43,0,1,634,11,1,0.115,0,0.07
ORD001662,PIN0165,0.2880773070013004,2,Prepaid,723.51,7.0,electronics,1,33,1,1,97,3,1,0.2,1,0.059
ORD001663,PIN0273,0.04324480243644174,3,Prepaid,885.32,9.5,electronics,1,49,1,1,27,0,0,0.05,0,0.045
ORD001664,PIN0166,0.31626333508388804,3,COD,613.31,13.6,footwear,1,15,1,1,259,4,1,0.169,1,0.632
ORD001665,PIN0127,0.4135814221350584,2,Prepaid,1822.74,5.3,footwear,1,46,0,1,243,6,1,0.246,1,0.124
ORD001666,PIN0082,0.22315030234183808,1,COD,429.7,20.0,home,0,33,0,1,435,9,2,0.209,0,0.393
ORD001667,PIN0014,0.1671477447440522,1,COD,3203.7,20.4,apparel,0,32,1,1,499,9,2,0.205,0,0.336
ORD001668,PIN0165,0.2880773070013004,2,Prepaid,1715.05,0.0,electronics,0,86,0,1,367,7,2,0.265,0,0.063
ORD001669,PIN0251,0.1970314724318071,2,Prepaid,2168.95,22.7,electronics,0,73,0,1,36,1,0,0.124,0,0.056
ORD001670,PIN0233,0.1714469140567701,2,Prepaid,459.42,16.5,home,0,74,0,1,114,2,0,0.137,0,0.049
ORD001671,PIN0161,0.13247688971241237,1,Prepaid,681.9,18.1,apparel,0,62,1,1,13,0,0,0.189,0,0.057
ORD001672,PIN0177,0.06227004072474524,3,Prepaid,1142.61,29.2,home,0,53,0,1,396,8,1,0.073,0,0.041
ORD001673,PIN0205,0.14470001271385566,1,Prepaid,1060.05,0.0,electronics,0,74,1,1,148,1,0,0.08,1,0.021
ORD001674,PIN0099,0.22455714953226596,3,COD,1718.08,0.0,apparel,0,51,1,1,93,2,1,0.252,0,0.247
ORD001675,PIN0159,0.04758322169027929,3,COD,1063.36,14.2,apparel,0,57,1,1,242,6,0,0.072,0,0.159
ORD001676,PIN0186,0.16987614693511896,2,COD,3319.08,0.0,apparel,0,72,1,1,371,5,1,0.113,0,0.233
ORD001677,PIN0124,0.18938844288077764,1,COD,468.45,12.5,footwear,1,61,1,1,123,4,1,0.165,0,0.314
ORD001678,PIN0201,0.02362310774311192,1,COD,383.74,25.2,beauty,0,53,0,1,186,2,0,0.113,0,0.265
ORD001679,PIN0284,0.0998681851433615,1,COD,654.42,19.8,beauty,1,60,1,1,57,2,0,0.066,1,0.255
ORD001680,PIN0186,0.16987614693511896,2,Prepaid,886.73,15.9,apparel,1,47,0,1,158,3,1,0.193,0,0.077
ORD001681,PIN0222,0.2838482186160987,3,Prepaid,2301.23,12.2,home,0,55,0,1,170,2,0,0.162,0,0.062
ORD001682,PIN0269,0.16817721963481505,2,Prepaid,1390.81,9.9,apparel,0,57,1,1,115,5,1,0.122,0,0.028
ORD001683,PIN0038,0.1659381340634445,2,COD,64.86,9.2,electronics,0,20,1,1,239,3,1,0.205,0,0.448
ORD001684,PIN0091,0.14455891564261608,1,Prepaid,75.48,17.7,beauty,0,30,0,0,465,6,1,0.176,0,0.152
ORD001685,PIN0087,0.40978203380181466,3,COD,953.25,0.0,apparel,0,59,1,1,347,5,2,0.317,0,0.368
ORD001686,PIN0123,0.13287765724636655,3,COD,747.18,32.6,home,0,47,1,0,53,0,0,0.119,0,0.537
ORD001687,PIN0059,0.028176366197176325,2,COD,975.41,6.1,footwear,0,44,1,0,598,10,1,0.116,0,0.366
ORD001688,PIN0174,0.3104143033084286,1,COD,887.23,21.7,beauty,0,50,1,1,130,1,0,0.249,1,0.365
ORD001689,PIN0295,0.039989515935606415,2,COD,2998.93,16.0,electronics,0,5,1,0,198,5,0,0.064,1,0.703
ORD001690,PIN0025,0.18879443382778816,3,Prepaid,2066.34,1.2,apparel,1,41,1,1,527,10,2,0.236,0,0.046
ORD001691,PIN0288,0.1006295496297796,1,Prepaid,684.07,30.5,home,0,41,1,1,331,5,1,0.155,0,0.035
ORD001692,PIN0158,0.26324195978453147,1,Prepaid,1048.13,28.0,apparel,0,48,1,1,60,1,0,0.264,0,0.061
ORD001693,PIN0116,0.19943366426208856,2,COD,829.99,0.0,footwear,0,62,1,1,142,4,1,0.171,1,0.208
ORD001694,PIN0169,0.049707931382895566,2,Prepaid,125.75,14.1,home,0,37,0,1,182,5,1,0.138,0,0.036
ORD001695,PIN0185,0.1994521638100538,2,Prepaid,711.25,17.5,electronics,0,71,1,1,464,8,1,0.108,0,0.033
ORD001696,PIN0116,0.19943366426208856,2,COD,719.49,0.0,apparel,0,25,1,1,152,1,0,0.175,1,0.209
ORD001697,PIN0173,0.3718265525210354,1,Prepaid,592.22,0.0,electronics,0,58,1,1,109,3,1,0.238,0,0.048
ORD001698,PIN0241,0.11293552913952268,1,COD,693.71,5.0,apparel,1,34,1,1,253,6,1,0.091,0,0.225
ORD001699,PIN0281,0.08231136897158131,2,COD,843.19,0.0,footwear,0,68,1,1,42,1,0,0.171,0,0.165
ORD001700,PIN0073,0.15856417771242562,3,COD,1474.24,2.5,beauty,0,49,0,1,190,1,0,0.099,0,0.25
ORD001701,PIN0202,0.3777076233346446,1,COD,633.92,0.0,home,0,20,0,1,293,11,3,0.268,1,0.672
ORD001702,PIN0134,0.16060864625339236,2,COD,2539.07,13.5,apparel,1,47,1,1,50,1,0,0.148,0,0.369
ORD001703,PIN0258,0.017856788886404025,2,COD,463.47,4.3,electronics,0,53,0,1,622,8,1,0.11,1,0.2
ORD001704,PIN0030,0.16141970430743355,2,COD,2249.39,28.4,electronics,1,49,1,1,395,4,1,0.143,0,0.347
ORD001705,PIN0077,0.1899019233140115,1,Prepaid,1307.53,17.2,footwear,0,51,0,1,116,1,0,0.37,0,0.08
ORD001706,PIN0206,0.12920022168358922,2,COD,352.31,24.5,home,1,40,0,1,408,3,0,0.1,1,0.397
ORD001707,PIN0298,0.23071903073603278,1,COD,825.82,0.0,apparel,1,33,0,1,301,4,1,0.184,0,0.399
ORD001708,PIN0274,0.0909889174111655,2,COD,3075.81,7.5,footwear,0,12,1,1,206,3,0,0.122,1,0.437
ORD001709,PIN0211,0.1136149651497779,1,Prepaid,471.61,16.6,apparel,0,56,0,1,135,1,0,0.066,0,0.038
ORD001710,PIN0216,0.19203502063602926,2,Prepaid,3134.37,20.4,beauty,1,55,0,1,619,13,3,0.21,0,0.121
ORD001711,PIN0170,0.3311683196889837,1,Prepaid,1504.52,7.2,footwear,0,83,1,0,214,2,1,0.298,1,0.163
ORD001712,PIN0024,0.2513226518182671,3,COD,1324.01,9.0,beauty,0,44,1,1,369,10,2,0.163,0,0.254
ORD001713,PIN0242,0.08228949497598309,2,COD,1441.82,10.3,footwear,0,50,1,1,105,0,0,0.126,0,0.177
ORD001714,PIN0150,0.20240653300047812,1,Prepaid,808.94,11.4,footwear,1,48,1,0,459,7,1,0.196,0,0.155
ORD001715,PIN0156,0.3125517351760875,2,COD,490.57,41.0,apparel,1,62,0,1,64,1,0,0.286,1,0.661
ORD001716,PIN0053,0.25942751057307656,3,Prepaid,1084.78,18.8,home,0,34,1,1,201,4,1,0.19,0,0.045
ORD001717,PIN0158,0.26324195978453147,1,Prepaid,1359.67,15.5,home,0,48,0,1,17,0,0,0.282,0,0.128
ORD001718,PIN0103,0.14686359912766067,3,COD,1554.72,0.0,electronics,0,45,0,1,549,5,1,0.151,0,0.257
ORD001719,PIN0112,0.24386188263641523,2,Prepaid,1511.0,0.2,footwear,0,59,1,1,43,0,0,0.293,0,0.04
ORD001720,PIN0238,0.19595485581764938,1,Prepaid,1796.49,12.4,footwear,0,89,1,1,182,2,0,0.244,0,0.039
ORD001721,PIN0021,0.11081589624148036,1,COD,3951.93,28.6,electronics,0,51,1,1,441,7,1,0.088,0,0.286
ORD001722,PIN0155,0.06950314701364126,3,COD,1275.95,12.6,apparel,0,16,0,1,577,8,1,0.16,1,0.491
ORD001723,PIN0133,0.34050859772553177,2,COD,2449.46,13.1,apparel,0,21,1,0,137,1,0,0.346,1,0.854
ORD001724,PIN0200,0.08728917709623112,2,Prepaid,1595.89,6.1,apparel,0,66,0,1,544,9,1,0.092,0,0.032
ORD001725,PIN0082,0.22315030234183808,1,COD,4231.4,0.0,beauty,0,11,0,1,804,19,3,0.18,1,0.622
ORD001726,PIN0238,0.19595485581764938,1,COD,1142.26,20.2,beauty,1,51,1,1,348,6,1,0.193,0,0.358
ORD001727,PIN0048,0.05953686130987361,2,Prepaid,1049.11,11.9,apparel,0,30,1,1,4,0,0,0.091,0,0.036
ORD001728,PIN0236,0.2789920211073238,1,COD,2345.21,20.4,beauty,0,98,0,1,310,5,1,0.147,1,0.398
ORD001729,PIN0252,0.13392418026200584,1,COD,2347.23,16.9,apparel,0,20,1,1,305,4,1,0.176,0,0.446
ORD001730,PIN0024,0.2513226518182671,3,Prepaid,863.53,3.4,footwear,0,31,0,1,47,0,0,0.156,0,0.05
ORD001731,PIN0106,0.16299644770966804,2,COD,1554.69,17.7,footwear,0,60,1,1,7,0,0,0.113,1,0.332
ORD001732,PIN0168,0.09176533396817868,2,COD,1809.43,0.0,apparel,0,40,1,1,119,2,0,0.126,1,0.156
ORD001733,PIN0235,0.29986877685320723,2,COD,1738.42,17.6,apparel,0,30,1,1,666,9,2,0.179,1,0.313
ORD001734,PIN0168,0.09176533396817868,2,COD,1443.44,14.2,footwear,0,25,1,1,341,7,1,0.105,0,0.183
ORD001735,PIN0175,0.16552802363041927,3,COD,196.67,33.5,apparel,0,31,1,1,537,4,1,0.185,1,0.302
ORD001736,PIN0212,0.27274932736149954,1,Prepaid,1756.27,4.6,footwear,1,26,1,1,82,3,1,0.429,0,0.084
ORD001737,PIN0261,0.3559963391748867,2,Prepaid,1813.94,0.0,apparel,0,44,1,0,471,5,1,0.276,0,0.149
ORD001738,PIN0240,0.12395838000505166,1,COD,1485.79,10.0,electronics,0,83,0,1,179,0,0,0.23,0,0.311
ORD001739,PIN0023,0.06168375369038355,1,Prepaid,789.29,22.3,beauty,1,86,0,1,91,0,0,0.2,0,0.068
ORD001740,PIN0196,0.2509986970916318,1,Prepaid,2871.59,0.0,electronics,1,85,0,1,231,3,0,0.158,0,0.093
ORD001741,PIN0148,0.06319411057424783,2,Prepaid,482.08,25.5,home,0,42,0,1,69,1,0,0.092,0,0.041
ORD001742,PIN0141,0.07604489038465068,2,Prepaid,2376.47,12.5,footwear,0,59,1,1,964,15,3,0.211,0,0.028
ORD001743,PIN0029,0.47671536580943735,1,Prepaid,476.47,1.3,beauty,0,47,1,1,401,4,1,0.344,0,0.076
ORD001744,PIN0156,0.3125517351760875,2,Prepaid,2179.38,10.6,electronics,0,28,1,1,173,1,0,0.299,0,0.055
ORD001745,PIN0242,0.08228949497598309,2,COD,496.53,6.1,home,0,8,0,0,89,1,0,0.249,0,0.782
ORD001746,PIN0182,0.14478787604400445,3,COD,2092.4,0.3,home,0,9,1,1,16,0,0,0.117,0,0.492
ORD001747,PIN0191,0.4909142738276876,2,COD,3306.03,0.0,apparel,0,48,0,0,1411,18,9,0.51,1,0.883
ORD001748,PIN0231,0.3765652302855751,1,COD,3314.52,23.8,electronics,1,17,1,1,208,2,1,0.319,0,0.815
ORD001749,PIN0060,0.5407955692320056,2,Prepaid,2838.27,8.3,electronics,0,29,1,1,165,2,1,0.323,0,0.125
ORD001750,PIN0197,0.18829990136395383,3,COD,1137.02,10.3,apparel,0,52,0,0,605,5,1,0.112,1,0.584
ORD001751,PIN0211,0.1136149651497779,1,COD,684.07,25.1,home,0,5,1,1,46,1,0,0.094,0,0.427
ORD001752,PIN0100,0.2520666975858372,2,COD,1002.83,15.7,footwear,0,74,1,1,220,5,1,0.185,0,0.284
ORD001753,PIN0052,0.28899282241905344,2,COD,2254.89,0.0,footwear,0,46,1,0,123,2,0,0.213,0,0.543
ORD001754,PIN0092,0.048514119952498914,3,Prepaid,1736.87,23.1,beauty,0,37,0,1,168,4,0,0.116,0,0.04
ORD001755,PIN0096,0.08766139781561612,2,Prepaid,4485.03,32.8,home,0,32,1,1,19,1,0,0.075,0,0.071
ORD001756,PIN0106,0.16299644770966804,2,COD,741.68,21.0,apparel,0,54,1,1,400,3,0,0.138,0,0.242
ORD001757,PIN0229,0.08567069914876634,3,COD,3457.4,4.6,apparel,1,25,0,0,240,8,1,0.181,0,0.7
ORD001758,PIN0057,0.1556157190694676,2,COD,1065.0,0.0,beauty,0,71,0,1,85,2,0,0.194,0,0.277
ORD001759,PIN0039,0.17227556210050016,3,COD,474.75,4.2,electronics,0,62,0,1,255,0,0,0.207,1,0.305
ORD001760,PIN0078,0.1819352724912822,3,Prepaid,1408.2,16.2,footwear,1,30,1,1,191,6,2,0.275,0,0.062
ORD001761,PIN0061,0.017546598413318317,2,Prepaid,1705.62,32.1,home,0,41,1,0,589,12,2,0.154,0,0.094
ORD001762,PIN0106,0.16299644770966804,2,COD,2663.06,5.9,electronics,0,69,1,1,13,0,0,0.213,0,0.41
ORD001763,PIN0238,0.19595485581764938,1,COD,739.13,7.2,apparel,0,53,0,1,82,1,0,0.133,1,0.297
ORD001764,PIN0133,0.34050859772553177,2,Prepaid,1407.87,27.3,apparel,0,40,0,1,361,4,1,0.187,0,0.093
ORD001765,PIN0204,0.18053165217789413,3,Prepaid,1152.28,9.8,electronics,0,30,1,1,265,2,0,0.211,0,0.034
ORD001766,PIN0153,0.08879927597471768,3,COD,861.16,35.6,home,0,42,0,1,78,1,0,0.096,0,0.326
ORD001767,PIN0255,0.07668458057365714,3,COD,3224.11,13.2,footwear,0,36,1,1,72,0,0,0.13,0,0.237
ORD001768,PIN0122,0.19225689255239523,2,COD,1723.1,29.0,apparel,1,51,0,1,190,7,1,0.157,1,0.48
ORD001769,PIN0093,0.07361655439550663,2,Prepaid,109.89,19.6,home,0,38,1,1,339,9,2,0.252,0,0.034
ORD001770,PIN0293,0.4388590532716878,3,COD,1424.83,23.5,home,0,25,0,1,768,11,4,0.346,0,0.603
ORD001771,PIN0143,0.30134916635767295,3,COD,250.44,12.9,electronics,1,66,1,1,84,1,0,0.176,0,0.382
ORD001772,PIN0041,0.30527006649850924,2,Prepaid,1322.53,13.7,apparel,1,55,1,0,235,3,1,0.238,1,0.21
ORD001773,PIN0263,0.16689791901383302,2,Prepaid,298.24,20.0,apparel,0,25,0,0,21,0,0,0.2,1,0.263
ORD001774,PIN0130,0.2313331139934696,2,COD,1728.8,24.6,beauty,0,33,1,1,507,7,2,0.236,0,0.326
ORD001775,PIN0174,0.3104143033084286,1,COD,246.38,21.3,footwear,0,59,0,1,698,8,2,0.188,1,0.44
ORD001776,PIN0075,0.3561050407162092,2,COD,499.54,0.0,beauty,0,28,1,1,669,16,4,0.268,0,0.317
ORD001777,PIN0180,0.24279939684606877,3,Prepaid,2011.3,18.1,home,0,41,1,1,354,8,2,0.221,0,0.046
ORD001778,PIN0066,0.17989723194024237,1,COD,1137.2,7.1,beauty,1,39,1,1,406,8,1,0.156,0,0.287
ORD001779,PIN0240,0.12395838000505166,1,Prepaid,327.02,8.4,apparel,0,30,1,1,73,1,0,0.195,0,0.028
ORD001780,PIN0165,0.2880773070013004,2,Prepaid,3089.28,20.5,apparel,0,23,0,1,436,9,2,0.18,0,0.23
ORD001781,PIN0025,0.18879443382778816,3,COD,820.24,35.4,footwear,0,43,1,1,13,0,0,0.195,0,0.455
ORD001782,PIN0192,0.18423061753085718,2,Prepaid,934.53,12.2,electronics,0,26,1,1,178,1,0,0.15,0,0.032
ORD001783,PIN0128,0.5348421327697304,1,COD,1002.53,38.7,footwear,0,33,0,1,140,3,1,0.354,0,0.714
ORD001784,PIN0052,0.28899282241905344,2,COD,1830.6,1.8,electronics,0,61,0,1,110,4,1,0.171,1,0.343
ORD001785,PIN0054,0.2536131832355048,3,Prepaid,872.34,29.8,apparel,0,30,0,1,37,1,0,0.391,1,0.115
ORD001786,PIN0127,0.4135814221350584,2,COD,1033.76,20.2,home,1,54,1,1,429,5,1,0.29,1,0.534
ORD001787,PIN0163,0.1177622618451269,3,COD,2489.12,17.5,beauty,0,64,1,1,424,14,2,0.166,0,0.222
ORD001788,PIN0178,0.056718874516770906,3,COD,2281.25,31.6,home,0,42,0,1,61,0,0,0.122,0,0.306
ORD001789,PIN0100,0.2520666975858372,2,COD,984.95,7.4,apparel,0,55,0,1,118,1,0,0.272,0,0.39
ORD001790,PIN0106,0.16299644770966804,2,COD,1011.84,30.3,apparel,1,27,1,0,678,15,2,0.149,0,0.652
ORD001791,PIN0230,0.21027956975533948,2,Prepaid,61.21,12.5,beauty,0,59,1,1,53,1,0,0.195,0,0.037
ORD001792,PIN0151,0.11454454166446207,2,Prepaid,1305.09,7.3,beauty,0,57,0,1,46,2,0,0.113,0,0.036
ORD001793,PIN0193,0.24561833162778066,2,Prepaid,2064.42,0.0,apparel,0,74,1,1,92,1,0,0.16,0,0.031
ORD001794,PIN0256,0.1279375750248723,2,Prepaid,835.44,34.0,electronics,0,68,0,1,1107,17,3,0.152,0,0.06
ORD001795,PIN0288,0.1006295496297796,1,COD,2784.9,28.7,beauty,0,50,1,0,54,2,0,0.154,0,0.6
ORD001796,PIN0104,0.25616938553288543,3,Prepaid,216.99,9.3,beauty,0,100,0,1,96,0,0,0.187,0,0.059
ORD001797,PIN0114,0.09429357946075165,2,COD,531.29,21.5,apparel,0,62,1,1,247,7,1,0.178,0,0.227
ORD001798,PIN0025,0.18879443382778816,3,COD,2637.66,16.5,footwear,1,70,1,1,25,0,0,0.134,1,0.525
ORD001799,PIN0183,0.021054208464102726,1,Prepaid,2007.89,10.8,apparel,1,35,1,1,225,2,0,0.193,0,0.034
ORD001800,PIN0069,0.4466472261075709,1,COD,202.28,26.6,apparel,0,37,1,1,613,12,5,0.375,0,0.526
ORD001801,PIN0005,0.3672067173505017,1,COD,249.31,7.5,apparel,0,46,1,1,523,8,2,0.241,0,0.339
ORD001802,PIN0270,0.05871297016687864,3,COD,1747.99,0.0,apparel,1,24,1,1,76,0,0,0.097,1,0.39
ORD001803,PIN0215,0.10605263267725348,3,COD,1498.22,18.1,home,0,45,0,1,237,3,0,0.071,0,0.265
ORD001804,PIN0002,0.2817196880794777,2,COD,922.2,15.8,apparel,0,44,0,0,839,12,4,0.339,1,0.751
ORD001805,PIN0091,0.14455891564261608,1,COD,2720.62,7.9,apparel,0,66,0,1,502,6,1,0.084,0,0.323
ORD001806,PIN0064,0.13292062134901952,2,Prepaid,653.82,4.3,apparel,0,68,1,1,1300,25,2,0.09,0,0.022
ORD001807,PIN0248,0.059205781564026436,2,COD,118.15,0.0,apparel,0,47,0,1,148,2,0,0.073,1,0.193
ORD001808,PIN0226,0.2118414911064497,2,COD,1830.0,10.6,electronics,1,37,0,1,279,4,0,0.115,1,0.397
ORD001809,PIN0087,0.40978203380181466,3,COD,2123.16,4.5,apparel,0,80,1,1,234,5,2,0.329,1,0.392
ORD001810,PIN0024,0.2513226518182671,3,Prepaid,686.9,26.6,apparel,0,14,1,1,77,0,0,0.333,0,0.16
ORD001811,PIN0115,0.13725424899347285,2,COD,403.81,21.2,footwear,1,13,0,1,33,0,0,0.102,1,0.632
ORD001812,PIN0270,0.05871297016687864,3,COD,126.02,9.2,electronics,0,54,1,1,125,3,0,0.085,0,0.155
ORD001813,PIN0240,0.12395838000505166,1,COD,1120.54,21.3,apparel,1,43,1,1,370,8,1,0.124,1,0.294
ORD001814,PIN0288,0.1006295496297796,1,Prepaid,1444.28,13.7,beauty,1,38,1,1,404,9,1,0.088,0,0.035
ORD001815,PIN0241,0.11293552913952268,1,Prepaid,2231.27,11.8,apparel,0,8,1,1,110,3,0,0.146,0,0.068
ORD001816,PIN0211,0.1136149651497779,1,Prepaid,1509.34,14.3,apparel,1,27,1,1,116,2,0,0.11,0,0.038
ORD001817,PIN0148,0.06319411057424783,2,Prepaid,733.46,36.3,apparel,1,74,1,1,198,3,0,0.091,0,0.046
ORD001818,PIN0199,0.2548041415909087,3,COD,1305.26,22.7,apparel,0,71,0,1,2,0,0,0.244,1,0.576
ORD001819,PIN0155,0.06950314701364126,3,COD,2309.26,11.4,apparel,0,60,0,1,150,0,0,0.184,0,0.269
ORD001820,PIN0165,0.2880773070013004,2,COD,1430.44,25.7,apparel,0,28,1,1,62,1,0,0.17,1,0.332
ORD001821,PIN0223,0.05020633497131692,2,COD,2083.26,25.3,electronics,1,38,0,1,320,5,1,0.157,0,0.381
ORD001822,PIN0272,0.22304563796637572,2,COD,422.8,18.1,apparel,0,36,1,1,242,8,2,0.248,0,0.304
ORD001823,PIN0224,0.1089637341306029,1,COD,1780.52,11.1,apparel,0,31,1,1,235,3,1,0.21,0,0.215
ORD001824,PIN0246,0.04499326698297448,3,COD,1511.23,10.3,footwear,0,34,0,1,41,1,0,0.069,0,0.214
ORD001825,PIN0245,0.057521588414221454,2,Prepaid,865.24,2.1,home,0,42,0,0,74,0,0,0.097,0,0.088
ORD001826,PIN0261,0.3559963391748867,2,COD,2338.67,17.2,home,0,15,0,1,214,2,1,0.252,1,0.714
ORD001827,PIN0110,0.3357736090153051,3,Prepaid,3919.19,7.7,electronics,0,68,1,1,240,2,1,0.254,0,0.07
ORD001828,PIN0066,0.17989723194024237,1,Prepaid,194.58,9.8,beauty,1,42,1,1,308,6,1,0.134,0,0.043
ORD001829,PIN0249,0.18175191628401088,2,COD,900.07,22.5,home,0,34,1,1,95,0,0,0.152,0,0.26
ORD001830,PIN0222,0.2838482186160987,3,COD,1059.5,35.2,electronics,1,13,1,0,324,3,1,0.182,1,0.886
ORD001831,PIN0178,0.056718874516770906,3,Prepaid,1121.44,19.5,footwear,0,60,1,1,26,3,0,0.143,0,0.045
ORD001832,PIN0002,0.2817196880794777,2,Prepaid,667.39,13.7,home,0,24,0,1,410,7,2,0.231,0,0.173
ORD001833,PIN0089,0.22910754448601503,2,COD,239.39,14.8,apparel,1,54,0,1,68,1,0,0.173,1,0.452
ORD001834,PIN0032,0.1125112445860934,3,COD,937.94,28.7,apparel,0,27,0,1,45,0,0,0.07,0,0.303
ORD001835,PIN0217,0.08454080558982856,2,Prepaid,1065.95,19.7,apparel,0,47,1,1,260,3,0,0.139,0,0.028
ORD001836,PIN0164,0.05853294876169379,1,Prepaid,874.63,17.3,beauty,0,19,1,1,244,4,0,0.112,0,0.062
ORD001837,PIN0066,0.17989723194024237,1,COD,1085.35,18.2,footwear,0,41,0,1,845,9,2,0.218,0,0.366
ORD001838,PIN0249,0.18175191628401088,2,COD,1328.22,0.0,beauty,0,43,1,1,89,0,0,0.105,0,0.181
ORD001839,PIN0011,0.23995645601446844,2,Prepaid,965.9,19.7,electronics,1,48,0,1,445,8,2,0.192,0,0.096
ORD001840,PIN0052,0.28899282241905344,2,COD,660.8,4.5,electronics,0,62,0,1,918,15,4,0.276,0,0.402
ORD001841,PIN0115,0.13725424899347285,2,Prepaid,1090.18,19.7,home,1,55,1,1,131,2,0,0.116,0,0.044
ORD001842,PIN0221,0.18271973881483156,3,COD,1404.41,6.2,beauty,0,76,1,1,467,7,1,0.155,1,0.213
ORD001843,PIN0212,0.27274932736149954,1,COD,1164.94,22.1,beauty,0,16,1,1,65,0,0,0.175,0,0.551
ORD001844,PIN0251,0.1970314724318071,2,COD,4092.62,13.2,beauty,1,86,1,1,261,5,2,0.315,0,0.469
ORD001845,PIN0135,0.05321067711925716,1,COD,1478.03,1.3,home,0,63,1,1,410,6,0,0.04,0,0.127
ORD001846,PIN0238,0.19595485581764938,1,Prepaid,1125.71,11.5,beauty,0,36,1,1,359,6,1,0.143,0,0.032
ORD001847,PIN0197,0.18829990136395383,3,COD,581.15,41.5,home,0,64,1,1,82,1,0,0.26,0,0.377
ORD001848,PIN0185,0.1994521638100538,2,Prepaid,593.29,0.0,home,0,80,1,1,84,2,0,0.202,0,0.03
ORD001849,PIN0089,0.22910754448601503,2,COD,876.25,17.0,footwear,1,67,1,1,115,3,0,0.156,1,0.348
ORD001850,PIN0124,0.18938844288077764,1,Prepaid,898.01,2.9,home,1,25,0,0,118,2,0,0.158,1,0.182
ORD001851,PIN0067,0.19354303656750937,3,Prepaid,871.04,31.5,beauty,1,45,1,1,591,7,1,0.127,0,0.061
ORD001852,PIN0105,0.41334614884396115,1,Prepaid,1524.66,24.8,footwear,0,60,0,1,406,9,3,0.318,0,0.133
ORD001853,PIN0202,0.3777076233346446,1,COD,2287.0,17.2,footwear,0,44,0,1,253,6,2,0.375,1,0.555
ORD001854,PIN0268,0.04836706407883637,2,Prepaid,1834.51,26.0,electronics,0,53,1,1,97,2,0,0.11,0,0.027
ORD001855,PIN0024,0.2513226518182671,3,COD,1687.17,17.9,footwear,1,55,1,1,368,4,1,0.228,1,0.397
ORD001856,PIN0211,0.1136149651497779,1,Prepaid,526.15,15.1,footwear,0,25,1,1,132,1,0,0.132,0,0.027
ORD001857,PIN0227,0.1964046074585869,3,COD,2521.33,7.8,apparel,0,70,1,1,757,15,2,0.122,0,0.272
ORD001858,PIN0022,0.2903842384680754,2,COD,570.3,10.7,electronics,0,46,0,1,362,5,1,0.274,0,0.426
ORD001859,PIN0168,0.09176533396817868,2,COD,1379.32,9.4,electronics,1,44,0,1,22,0,0,0.113,1,0.455
ORD001860,PIN0077,0.1899019233140115,1,Prepaid,1615.04,15.1,beauty,1,27,1,1,106,2,0,0.106,0,0.045
ORD001861,PIN0021,0.11081589624148036,1,Prepaid,2571.39,0.0,footwear,1,40,1,1,267,5,1,0.235,0,0.052
ORD001862,PIN0143,0.30134916635767295,3,COD,3612.34,27.4,apparel,1,63,1,1,33,1,0,0.195,0,0.531
ORD001863,PIN0183,0.021054208464102726,1,Prepaid,847.19,38.4,home,0,49,0,1,17,0,0,0.081,0,0.074
ORD001864,PIN0196,0.2509986970916318,1,Prepaid,1296.42,9.8,home,0,59,1,1,480,8,2,0.294,0,0.047
ORD001865,PIN0210,0.31081627181481286,1,COD,2414.63,29.1,home,0,44,0,0,539,5,1,0.193,1,0.751
ORD001866,PIN0267,0.15975785024150987,2,COD,3817.95,13.4,beauty,0,46,1,1,222,4,1,0.135,0,0.278
ORD001867,PIN0164,0.05853294876169379,1,Prepaid,921.36,7.8,beauty,0,12,1,1,696,17,2,0.103,0,0.052
ORD001868,PIN0185,0.1994521638100538,2,Prepaid,550.1,10.4,apparel,0,52,1,1,16,0,0,0.18,0,0.057
ORD001869,PIN0027,0.2720036445368748,2,COD,326.43,16.0,apparel,0,41,1,1,924,14,3,0.244,0,0.32
ORD001870,PIN0207,0.24185758785987585,3,Prepaid,205.57,6.3,apparel,0,51,1,1,85,2,0,0.142,0,0.033
ORD001871,PIN0140,0.21265385060190026,3,COD,633.23,22.3,apparel,1,5,1,1,285,5,1,0.15,0,0.598
ORD001872,PIN0129,0.04271815136040225,2,Prepaid,2098.36,8.8,home,1,95,0,1,320,6,1,0.09,0,0.043
ORD001873,PIN0191,0.4909142738276876,2,Prepaid,2183.03,2.1,footwear,0,46,1,1,85,0,0,0.284,0,0.071
ORD001874,PIN0085,0.059088667045030185,2,Prepaid,1477.88,14.8,apparel,1,54,1,1,124,1,0,0.071,0,0.031
ORD001875,PIN0254,0.07646704519158327,1,COD,889.28,6.7,home,1,52,1,1,147,1,0,0.14,0,0.231
ORD001876,PIN0208,0.13765125001234177,3,COD,1527.92,11.1,apparel,1,38,1,1,79,2,0,0.103,0,0.259
ORD001877,PIN0123,0.13287765724636655,3,COD,1178.68,14.3,electronics,0,53,1,1,25,0,0,0.118,0,0.306
ORD001878,PIN0084,0.3366089221382588,2,COD,923.07,0.0,apparel,0,68,1,1,329,6,2,0.279,1,0.312
ORD001879,PIN0155,0.06950314701364126,3,Prepaid,1429.04,32.5,apparel,1,48,1,1,70,1,0,0.107,0,0.045
ORD001880,PIN0221,0.18271973881483156,3,COD,858.9,24.8,footwear,0,62,1,1,64,0,0,0.24,1,0.303
ORD001881,PIN0135,0.05321067711925716,1,COD,1423.98,7.4,electronics,0,60,1,0,169,2,0,0.176,0,0.414
ORD001882,PIN0270,0.05871297016687864,3,COD,1589.53,14.8,apparel,0,59,0,1,88,3,0,0.095,0,0.242
ORD001883,PIN0012,0.3248824103770745,1,COD,1871.56,22.6,apparel,0,82,1,1,203,3,1,0.208,1,0.357
ORD001884,PIN0255,0.07668458057365714,3,COD,249.79,17.5,footwear,0,52,1,1,16,0,0,0.085,0,0.276
ORD001885,PIN0061,0.017546598413318317,2,Prepaid,2544.51,37.6,electronics,0,43,0,1,246,2,0,0.058,0,0.057
ORD001886,PIN0276,0.2879002600445968,2,Prepaid,1065.33,12.1,footwear,0,44,1,1,28,1,0,0.162,0,0.07
ORD001887,PIN0165,0.2880773070013004,2,COD,3638.94,29.3,beauty,0,53,1,1,625,11,2,0.218,0,0.446
ORD001888,PIN0062,0.031535551983626044,2,Prepaid,2108.0,0.0,beauty,1,17,1,1,0,0,0,0.132,0,0.11
ORD001889,PIN0194,0.2768781519474444,2,Prepaid,564.28,0.8,electronics,0,72,0,1,71,2,1,0.279,0,0.064
ORD001890,PIN0200,0.08728917709623112,2,COD,1706.64,35.2,home,1,40,0,1,318,2,0,0.149,0,0.439
ORD001891,PIN0261,0.3559963391748867,2,Prepaid,2420.42,9.8,footwear,0,43,0,0,5,0,0,0.254,1,0.347
ORD001892,PIN0126,0.06754840772919254,2,COD,959.12,1.0,apparel,0,18,0,1,62,1,0,0.183,0,0.454
ORD001893,PIN0127,0.4135814221350584,2,COD,527.85,14.4,electronics,0,47,0,1,318,7,2,0.227,1,0.492
ORD001894,PIN0000,0.17388674862848544,2,COD,452.52,30.2,apparel,1,17,0,1,147,1,0,0.262,1,0.749
ORD001895,PIN0258,0.017856788886404025,2,COD,316.76,5.8,footwear,0,11,1,1,651,14,2,0.173,1,0.335
ORD001896,PIN0233,0.1714469140567701,2,Prepaid,135.47,14.5,home,0,30,1,0,387,11,2,0.146,0,0.099
ORD001897,PIN0132,0.24870174259221878,1,Prepaid,1081.33,0.0,apparel,0,40,1,1,371,3,1,0.19,0,0.033
ORD001898,PIN0064,0.13292062134901952,2,Prepaid,473.98,9.4,electronics,0,27,1,1,0,0,0,0.148,1,0.046
ORD001899,PIN0035,0.02618888133818163,1,Prepaid,687.67,27.0,electronics,0,50,1,1,266,3,0,0.139,0,0.027
ORD001900,PIN0132,0.24870174259221878,1,Prepaid,3695.93,5.6,footwear,0,69,1,1,547,8,2,0.234,0,0.054
ORD001901,PIN0080,0.14032323686687975,3,Prepaid,1594.83,0.0,electronics,0,49,0,1,105,0,0,0.213,0,0.041
ORD001902,PIN0014,0.1671477447440522,1,COD,549.4,5.7,apparel,1,5,1,1,60,1,0,0.108,0,0.482
ORD001903,PIN0002,0.2817196880794777,2,COD,4835.66,7.7,home,0,44,1,1,94,2,1,0.293,0,0.392
ORD001904,PIN0216,0.19203502063602926,2,Prepaid,1415.82,24.2,apparel,0,56,1,1,283,6,1,0.147,0,0.039
ORD001905,PIN0128,0.5348421327697304,1,COD,4560.74,19.6,beauty,1,37,1,1,64,1,0,0.311,1,0.688
ORD001906,PIN0190,0.2448648372778589,2,COD,3126.11,21.9,beauty,1,51,1,1,81,2,1,0.332,0,0.542
ORD001907,PIN0257,0.41431705315609935,3,COD,1451.82,15.3,home,0,50,1,1,48,0,0,0.339,0,0.442
ORD001908,PIN0219,0.1075270431373715,3,Prepaid,1074.61,7.6,beauty,0,23,1,0,31,2,0,0.122,0,0.178
ORD001909,PIN0111,0.11794236998351261,2,COD,2078.7,5.7,apparel,0,69,1,1,20,0,0,0.154,1,0.284
ORD001910,PIN0124,0.18938844288077764,1,COD,1362.71,20.2,footwear,0,39,1,1,402,7,1,0.193,1,0.272
ORD001911,PIN0251,0.1970314724318071,2,COD,802.59,34.1,footwear,0,38,0,1,294,2,0,0.156,0,0.409
ORD001912,PIN0044,0.1133005032463249,2,COD,762.85,3.7,electronics,0,54,0,1,297,4,1,0.128,0,0.244
ORD001913,PIN0113,0.23619703608082426,3,Prepaid,2310.65,2.8,beauty,0,12,0,1,53,0,0,0.201,0,0.129
ORD001914,PIN0225,0.17899813687380903,1,COD,548.32,1.4,beauty,0,70,1,1,1113,13,2,0.167,0,0.202
ORD001915,PIN0047,0.43046780177870436,3,Prepaid,2288.53,25.0,beauty,1,25,1,1,255,6,1,0.233,0,0.113
ORD001916,PIN0059,0.028176366197176325,2,Prepaid,1202.63,14.5,apparel,0,81,0,1,53,0,0,0.107,0,0.032
ORD001917,PIN0093,0.07361655439550663,2,COD,260.71,21.7,electronics,1,67,0,1,24,0,0,0.054,1,0.465
ORD001918,PIN0082,0.22315030234183808,1,Prepaid,2414.63,8.9,apparel,1,24,1,1,309,8,3,0.355,0,0.169
ORD001919,PIN0242,0.08228949497598309,2,Prepaid,561.13,22.4,home,1,51,0,0,93,0,0,0.099,0,0.174
ORD001920,PIN0138,0.16554834211763325,2,Prepaid,629.05,11.5,footwear,0,25,1,1,53,2,0,0.118,0,0.028
ORD001921,PIN0109,0.08188580156604809,1,COD,994.38,0.0,apparel,0,23,0,1,642,12,1,0.054,0,0.396
ORD001922,PIN0095,0.6712531848658078,2,COD,1121.63,26.1,home,1,5,0,1,28,0,0,0.42,1,0.9
ORD001923,PIN0073,0.15856417771242562,3,Prepaid,1458.78,14.6,apparel,1,57,0,1,17,0,0,0.14,0,0.111
ORD001924,PIN0290,0.12660614737952092,2,Prepaid,2329.84,11.3,apparel,0,35,1,1,190,2,0,0.185,0,0.029
ORD001925,PIN0229,0.08567069914876634,3,Prepaid,2276.97,18.4,apparel,0,60,0,1,43,2,0,0.076,0,0.037
ORD001926,PIN0210,0.31081627181481286,1,Prepaid,743.74,0.0,electronics,0,49,0,1,163,7,2,0.23,0,0.062
ORD001927,PIN0179,0.09543333500337425,3,COD,763.94,20.2,footwear,1,20,0,1,508,13,2,0.142,0,0.623
ORD001928,PIN0152,0.17087336091455124,3,Prepaid,2160.82,7.9,apparel,1,61,1,1,86,2,0,0.166,0,0.043
ORD001929,PIN0183,0.021054208464102726,1,COD,477.03,13.1,footwear,0,55,1,1,494,9,1,0.083,0,0.151
ORD001930,PIN0253,0.21270011367388433,2,Prepaid,1202.13,28.7,electronics,1,35,0,1,713,10,1,0.143,0,0.094
ORD001931,PIN0037,0.2736753601098101,2,COD,2973.42,22.7,apparel,0,64,1,1,374,8,2,0.299,0,0.45
ORD001932,PIN0057,0.1556157190694676,2,COD,837.14,12.9,electronics,1,39,1,1,218,6,0,0.081,0,0.264
ORD001933,PIN0225,0.17899813687380903,1,Prepaid,311.54,13.8,beauty,1,29,1,1,27,0,0,0.186,0,0.084
ORD001934,PIN0087,0.40978203380181466,3,Prepaid,561.27,0.0,beauty,0,41,1,1,327,5,1,0.282,0,0.057
ORD001935,PIN0241,0.11293552913952268,1,Prepaid,593.21,5.1,electronics,1,37,1,1,1467,25,6,0.242,1,0.042
ORD001936,PIN0044,0.1133005032463249,2,COD,520.84,17.0,apparel,0,15,1,1,258,2,0,0.09,0,0.393
ORD001937,PIN0185,0.1994521638100538,2,COD,957.94,5.8,home,0,5,1,1,435,11,2,0.168,1,0.436
ORD001938,PIN0283,0.3251461237517792,3,Prepaid,4502.09,0.0,electronics,0,77,0,0,3,0,0,0.32,0,0.399
ORD001939,PIN0246,0.04499326698297448,3,COD,1674.39,20.8,footwear,1,67,1,1,163,5,0,0.074,0,0.236
ORD001940,PIN0055,0.14581959327557492,2,COD,1031.44,30.7,electronics,0,74,0,1,74,3,0,0.134,1,0.356
ORD001941,PIN0063,0.08371105588997728,2,Prepaid,1100.8,6.3,apparel,0,63,1,0,313,4,1,0.161,0,0.074
ORD001942,PIN0208,0.13765125001234177,3,COD,661.93,25.5,footwear,0,36,1,1,605,10,2,0.247,1,0.286
ORD001943,PIN0056,0.09526888086892404,2,Prepaid,1097.6,23.7,apparel,1,41,0,1,153,1,0,0.08,0,0.06
ORD001944,PIN0154,0.055144526164834035,1,COD,2886.15,3.3,apparel,0,32,1,1,112,1,0,0.113,0,0.195
ORD001945,PIN0053,0.25942751057307656,3,Prepaid,1232.66,6.3,home,0,55,1,1,264,4,1,0.191,0,0.037
ORD001946,PIN0240,0.12395838000505166,1,Prepaid,2267.27,36.6,apparel,1,54,1,1,212,3,0,0.103,0,0.054
ORD001947,PIN0166,0.31626333508388804,3,Prepaid,2063.91,1.6,electronics,1,38,1,1,476,11,2,0.221,0,0.06
ORD001948,PIN0186,0.16987614693511896,2,Prepaid,4366.68,7.7,electronics,1,53,1,1,272,2,0,0.134,0,0.055
ORD001949,PIN0043,0.037347311003300854,1,COD,2038.11,38.6,home,0,68,0,1,142,4,1,0.164,1,0.339
ORD001950,PIN0105,0.41334614884396115,1,Prepaid,4169.86,8.2,beauty,0,44,1,1,0,0,0,0.417,0,0.18
ORD001951,PIN0019,0.22488151934933776,1,Prepaid,2384.62,31.2,home,0,21,1,1,159,5,1,0.258,0,0.142
ORD001952,PIN0075,0.3561050407162092,2,Prepaid,1459.26,2.7,footwear,1,54,0,1,66,0,0,0.251,0,0.106
ORD001953,PIN0293,0.4388590532716878,3,Prepaid,614.47,16.7,home,1,20,1,1,8,0,0,0.289,1,0.372
ORD001954,PIN0162,0.025305057507046393,1,Prepaid,2258.13,28.0,apparel,0,28,0,1,13,0,0,0.05,0,0.06
ORD001955,PIN0127,0.4135814221350584,2,Prepaid,2391.03,9.4,home,1,50,0,1,171,3,1,0.289,0,0.141
ORD001956,PIN0058,0.26591533886111357,2,Prepaid,2434.9,16.2,footwear,0,57,0,1,601,12,2,0.165,0,0.064
ORD001957,PIN0129,0.04271815136040225,2,COD,52.08,23.9,electronics,1,46,0,1,1,1,0,0.1,1,0.478
ORD001958,PIN0296,0.18053002044469238,2,COD,819.77,4.2,home,0,24,1,1,408,4,1,0.238,1,0.452
ORD001959,PIN0186,0.16987614693511896,2,Prepaid,1659.03,41.9,electronics,1,100,0,1,1615,32,5,0.171,0,0.11
ORD001960,PIN0280,0.20881393589165134,1,COD,870.56,27.5,apparel,0,34,0,1,365,8,1,0.174,1,0.398
ORD001961,PIN0152,0.17087336091455124,3,Prepaid,759.17,10.7,home,0,54,1,1,292,3,0,0.107,0,0.028
ORD001962,PIN0119,0.23800736951799512,3,Prepaid,659.62,12.2,electronics,0,33,0,1,94,0,0,0.224,0,0.063
ORD001963,PIN0211,0.1136149651497779,1,COD,269.31,37.9,apparel,0,26,1,0,9,0,0,0.232,1,0.723
ORD001964,PIN0250,0.1327130862470537,1,Prepaid,1596.11,10.7,electronics,0,46,1,1,13,0,0,0.127,0,0.045
ORD001965,PIN0283,0.3251461237517792,3,Prepaid,716.37,9.3,beauty,0,36,1,1,183,5,1,0.221,0,0.048
ORD001966,PIN0142,0.16802011769598604,3,Prepaid,838.37,28.8,home,0,46,1,1,511,6,1,0.126,0,0.038
ORD001967,PIN0164,0.05853294876169379,1,COD,1031.46,0.0,footwear,0,31,1,1,131,3,0,0.125,0,0.146
ORD001968,PIN0024,0.2513226518182671,3,Prepaid,1784.84,14.1,home,0,47,0,1,98,3,0,0.133,0,0.057
ORD001969,PIN0056,0.09526888086892404,2,COD,1430.73,16.0,footwear,1,29,1,1,168,2,0,0.076,0,0.245
ORD001970,PIN0031,0.41967486187398545,2,Prepaid,1382.41,6.6,apparel,1,66,1,1,219,2,1,0.278,0,0.091
ORD001971,PIN0156,0.3125517351760875,2,COD,109.91,0.0,apparel,0,50,0,0,90,1,0,0.194,1,0.653
ORD001972,PIN0252,0.13392418026200584,1,Prepaid,2297.64,15.8,home,1,42,1,1,117,1,0,0.178,0,0.046
ORD001973,PIN0130,0.2313331139934696,2,Prepaid,3492.55,23.3,beauty,0,44,0,1,43,0,0,0.176,0,0.092
ORD001974,PIN0059,0.028176366197176325,2,Prepaid,1354.68,6.9,footwear,0,37,0,1,459,7,1,0.145,0,0.031
ORD001975,PIN0168,0.09176533396817868,2,COD,461.68,0.8,home,1,47,0,1,382,12,1,0.099,0,0.289
ORD001976,PIN0143,0.30134916635767295,3,Prepaid,775.6,30.1,apparel,0,74,0,1,24,0,0,0.184,0,0.145
ORD001977,PIN0037,0.2736753601098101,2,Prepaid,481.0,21.3,home,0,33,1,1,187,5,1,0.277,0,0.058
ORD001978,PIN0210,0.31081627181481286,1,COD,3221.83,10.7,apparel,1,48,0,1,85,0,0,0.28,1,0.618
ORD001979,PIN0188,0.07732592795057032,3,Prepaid,834.67,26.1,electronics,1,29,1,1,169,3,0,0.144,0,0.044
ORD001980,PIN0100,0.2520666975858372,2,Prepaid,1401.04,17.9,home,0,5,1,1,67,2,0,0.195,0,0.111
ORD001981,PIN0082,0.22315030234183808,1,Prepaid,999.08,36.5,home,0,57,0,1,58,2,1,0.295,0,0.1
ORD001982,PIN0008,0.21382156642365382,1,Prepaid,1726.66,23.0,electronics,1,66,1,1,31,0,0,0.193,0,0.063
ORD001983,PIN0295,0.039989515935606415,2,Prepaid,579.84,0.0,home,1,53,1,1,135,4,1,0.178,0,0.029
ORD001984,PIN0233,0.1714469140567701,2,Prepaid,1360.84,7.1,footwear,0,91,0,1,638,13,2,0.154,0,0.044
ORD001985,PIN0269,0.16817721963481505,2,Prepaid,841.24,7.7,apparel,0,37,0,0,571,9,1,0.113,0,0.125
ORD001986,PIN0061,0.017546598413318317,2,COD,2508.65,18.7,apparel,0,27,0,1,703,14,1,0.042,0,0.278
ORD001987,PIN0168,0.09176533396817868,2,COD,125.02,11.4,apparel,0,68,0,1,298,5,1,0.101,0,0.248
ORD001988,PIN0073,0.15856417771242562,3,Prepaid,917.26,1.5,electronics,1,69,0,0,109,
